Price,Close,Close,Close,High,High,High,Low,Low,Low,Open,Open,Open,Volume,Volume,Volume
Ticker,DX-Y.NYB,^TNX,^VIX,DX-Y.NYB,^TNX,^VIX,DX-Y.NYB,^TNX,^VIX,DX-Y.NYB,^TNX,^VIX,DX-Y.NYB,^TNX,^VIX
Date,,,,,,,,,,,,,,,
2020-01-02,96.8499984741211,1.8819999694824219,12.470000267028809,96.87000274658203,1.902999997138977,13.720000267028809,96.43000030517578,1.8509999513626099,12.420000076293945,96.4800033569336,1.902999997138977,13.460000038146973,0,0,0
2020-01-03,96.83999633789062,1.7879999876022339,14.020000457763672,97.11000061035156,1.840000033378601,16.200000762939453,96.70999908447266,1.7860000133514404,13.130000114440918,96.79000091552734,1.8279999494552612,15.010000228881836,0,0,0
2020-01-06,96.66999816894531,1.8109999895095825,13.850000381469727,96.9000015258789,1.815999984741211,16.389999389648438,96.54000091552734,1.7660000324249268,13.539999961853027,96.9000015258789,1.784999966621399,15.449999809265137,0,0,0
2020-01-07,96.9800033569336,1.8270000219345093,13.789999961853027,97.08999633789062,1.8279999494552612,14.460000038146973,96.62000274658203,1.7970000505447388,13.390000343322754,96.6500015258789,1.7970000505447388,13.84000015258789,0,0,0
2020-01-08,97.30000305175781,1.8739999532699585,13.449999809265137,97.33000183105469,1.8760000467300415,15.239999771118164,96.81999969482422,1.8020000457763672,12.829999923706055,96.83000183105469,1.8229999542236328,15.15999984741211,0,0,0
2020-01-09,97.44999694824219,1.8580000400543213,12.539999961853027,97.55999755859375,1.899999976158142,13.239999771118164,97.25,1.8509999513626099,12.529999732971191,97.2699966430664,1.86899995803833,12.949999809265137,0,0,0
2020-01-10,97.36000061035156,1.8250000476837158,12.5600004196167,97.58000183105469,1.8630000352859497,12.869999885559082,97.30000305175781,1.815999984741211,12.09000015258789,97.43000030517578,1.8530000448226929,12.420000076293945,0,0,0
2020-01-13,97.3499984741211,1.8480000495910645,12.319999694824219,97.52999877929688,1.8580000400543213,13.09000015258789,97.30999755859375,1.8339999914169312,12.319999694824219,97.3499984741211,1.8339999914169312,12.84000015258789,0,0,0
2020-01-14,97.37000274658203,1.8179999589920044,12.390000343322754,97.55999755859375,1.8530000448226929,13.819999694824219,97.33000183105469,1.812999963760376,12.050000190734863,97.36000061035156,1.8420000076293945,12.720000267028809,0,0,0
2020-01-15,97.2300033569336,1.7879999876022339,12.420000076293945,97.44000244140625,1.8020000457763672,12.829999923706055,97.16000366210938,1.7799999713897705,11.949999809265137,97.37999725341797,1.7949999570846558,12.789999961853027,0,0,0
2020-01-16,97.31999969482422,1.809000015258789,12.319999694824219,97.36000061035156,1.8200000524520874,12.420000076293945,97.08999633789062,1.7799999713897705,11.779999732971191,97.18000030517578,1.781000018119812,12.199999809265137,0,0,0
2020-01-17,97.61000061035156,1.8359999656677246,12.100000381469727,97.66000366210938,1.850000023841858,12.479999542236328,97.2699966430664,1.815999984741211,11.75,97.30999755859375,1.8179999589920044,12.210000038146973,0,0,0
2020-01-21,97.52999877929688,1.7690000534057617,12.850000381469727,97.66000366210938,1.7970000505447388,13.329999923706055,97.38999938964844,1.7660000324249268,12.319999694824219,97.62999725341797,1.7970000505447388,13.229999542236328,0,0,0
2020-01-22,97.52999877929688,1.7690000534057617,12.90999984741211,97.69000244140625,1.784999966621399,13.010000228881836,97.44000244140625,1.7589999437332153,12.3100004196167,97.62000274658203,1.784999966621399,12.449999809265137,0,0,0
2020-01-23,97.69000244140625,1.7400000095367432,12.979999542236328,97.80000305175781,1.7519999742507935,14.149999618530273,97.43000030517578,1.715000033378601,12.9399995803833,97.4800033569336,1.7400000095367432,13.260000228881836,0,0,0
2020-01-24,97.8499984741211,1.680999994277954,14.5600004196167,97.94999694824219,1.7389999628067017,15.979999542236328,97.66999816894531,1.6699999570846558,12.619999885559082,97.72000122070312,1.7339999675750732,12.75,0,0,0
2020-01-27,97.95999908447266,1.6050000190734863,18.229999542236328,98.0,1.6269999742507935,19.020000457763672,97.77999877929688,1.6050000190734863,16.81999969482422,97.87999725341797,1.6119999885559082,17.420000076293945,0,0,0
2020-01-28,98.0199966430664,1.6410000324249268,16.280000686645508,98.16000366210938,1.6549999713897705,18.030000686645508,97.9000015258789,1.6130000352859497,15.6899995803833,97.94999694824219,1.6239999532699585,16.940000534057617,0,0,0
2020-01-29,97.98999786376953,1.593999981880188,16.389999389648438,98.19000244140625,1.6369999647140503,16.649999618530273,97.94000244140625,1.5889999866485596,14.9399995803833,97.94999694824219,1.6369999647140503,15.680000305175781,0,0,0
2020-01-30,97.87000274658203,1.5579999685287476,15.489999771118164,98.06999969482422,1.5870000123977661,18.389999389648438,97.79000091552734,1.534000039100647,15.300000190734863,98.02999877929688,1.5700000524520874,17.81999969482422,0,0,0
2020-01-31,97.38999938964844,1.5199999809265137,18.84000015258789,97.97000122070312,1.555999994277954,19.989999771118164,97.36000061035156,1.5119999647140503,16.18000030517578,97.87000274658203,1.5499999523162842,16.25,0,0,0
2020-02-03,97.80000305175781,1.5199999809265137,17.969999313354492,97.88999938964844,1.5750000476837158,18.8799991607666,97.37000274658203,1.5149999856948853,17.100000381469727,97.37000274658203,1.5549999475479126,18.639999389648438,0,0,0
2020-02-04,97.95999908447266,1.6030000448226929,16.049999237060547,98.01000213623047,1.6180000305175781,16.459999084472656,97.79000091552734,1.5750000476837158,15.630000114440918,97.81999969482422,1.5770000219345093,16.450000762939453,0,0,0
2020-02-05,98.2699966430664,1.6490000486373901,15.149999618530273,98.31999969482422,1.656000018119812,16.31999969482422,97.9000015258789,1.628000020980835,15.020000457763672,97.94000244140625,1.652999997138977,16.290000915527344,0,0,0
2020-02-06,98.5,1.6440000534057617,14.960000038146973,98.56999969482422,1.6679999828338623,15.65999984741211,98.20999908447266,1.6369999647140503,14.699999809265137,98.29000091552734,1.6369999647140503,15.130000114440918,0,0,0
2020-02-07,98.68000030517578,1.5779999494552612,15.470000267028809,98.70999908447266,1.6349999904632568,16.15999984741211,98.41999816894531,1.5709999799728394,14.8100004196167,98.45999908447266,1.6160000562667847,15.069999694824219,0,0,0
2020-02-10,98.83000183105469,1.5470000505447388,15.039999961853027,98.87999725341797,1.5750000476837158,16.43000030517578,98.5999984741211,1.5440000295639038,15.010000228881836,98.69999694824219,1.5700000524520874,15.880000114440918,0,0,0
2020-02-11,98.72000122070312,1.590000033378601,15.180000305175781,98.94999694824219,1.6009999513626099,15.270000457763672,98.70999908447266,1.5729999542236328,14.380000114440918,98.86000061035156,1.5950000286102295,14.90999984741211,0,0,0
2020-02-12,99.05000305175781,1.6299999952316284,13.739999771118164,99.05000305175781,1.6390000581741333,14.880000114440918,98.70999908447266,1.6180000305175781,13.729999542236328,98.7699966430664,1.625,14.859999656677246,0,0,0
2020-02-13,99.06999969482422,1.6169999837875366,14.149999618530273,99.11000061035156,1.6260000467300415,15.4399995803833,98.8499984741211,1.600000023841858,14.0,98.98999786376953,1.6019999980926514,14.430000305175781,0,0,0
2020-02-14,99.12000274658203,1.5880000591278076,13.680000305175781,99.16000366210938,1.6050000190734863,14.539999961853027,99.0,1.5729999542236328,13.380000114440918,99.12000274658203,1.5989999771118164,14.119999885559082,0,0,0
2020-02-18,99.45999908447266,1.555999994277954,14.829999923706055,99.47000122070312,1.5759999752044678,15.489999771118164,99.13999938964844,1.5410000085830688,14.529999732971191,99.19000244140625,1.5440000295639038,14.979999542236328,0,0,0
2020-02-19,99.5999984741211,1.5700000524520874,14.380000114440918,99.72000122070312,1.5870000123977661,14.739999771118164,99.37999725341797,1.555999994277954,14.210000038146973,99.43000030517578,1.562999963760376,14.65999984741211,0,0,0
2020-02-20,99.87000274658203,1.524999976158142,15.5600004196167,99.91000366210938,1.5479999780654907,17.209999084472656,99.52999877929688,1.5069999694824219,14.489999771118164,99.54000091552734,1.5369999408721924,14.539999961853027,0,0,0
2020-02-21,99.26000213623047,1.4709999561309814,17.079999923706055,99.87000274658203,1.4919999837875366,18.209999084472656,99.2300033569336,1.4390000104904175,16.190000534057617,99.86000061035156,1.4850000143051147,17.329999923706055,0,0,0
2020-02-24,99.29000091552734,1.3769999742507935,25.030000686645508,99.63999938964844,1.4019999504089355,26.350000381469727,99.11000061035156,1.3519999980926514,22.0,99.33999633789062,1.3960000276565552,22.25,0,0,0
2020-02-25,98.97000122070312,1.3300000429153442,27.850000381469727,99.38999938964844,1.3769999742507935,30.25,98.87999725341797,1.3070000410079956,22.190000534057617,99.33000183105469,1.3739999532699585,22.190000534057617,0,0,0
2020-02-26,99.0,1.309999942779541,27.559999465942383,99.2699966430664,1.38100004196167,29.56999969482422,98.91000366210938,1.3020000457763672,24.760000228881836,99.08000183105469,1.36899995803833,26.6299991607666,0,0,0
2020-02-27,98.44000244140625,1.2990000247955322,39.15999984741211,99.05000305175781,1.3270000219345093,39.310001373291016,98.36000061035156,1.2430000305175781,27.790000915527344,99.0199966430664,1.2719999551773071,28.950000762939453,0,0,0
2020-02-28,98.12999725341797,1.1269999742507935,40.11000061035156,98.66000366210938,1.2230000495910645,49.47999954223633,97.95999908447266,1.1269999742507935,39.369998931884766,98.41999816894531,1.2109999656677246,42.02000045776367,0,0,0
2020-03-02,97.36000061035156,1.0880000591278076,33.41999816894531,98.08999633789062,1.1030000448226929,40.40999984741211,97.18000030517578,1.059000015258789,31.5,98.08000183105469,1.0670000314712524,38.540000915527344,0,0,0
2020-03-03,97.1500015258789,1.0099999904632568,36.81999969482422,97.69999694824219,1.1629999876022339,41.060001373291016,96.9800033569336,0.9079999923706055,24.93000030517578,97.55999755859375,1.1299999952316284,33.650001525878906,0,0,0
2020-03-04,97.33999633789062,0.9919999837875366,31.989999771118164,97.58999633789062,1.0149999856948853,35.58000183105469,97.12000274658203,0.9509999752044678,30.299999237060547,97.16999816894531,0.9919999837875366,34.439998626708984,0,0,0
2020-03-05,96.81999969482422,0.9259999990463257,39.619998931884766,97.44000244140625,0.9570000171661377,42.84000015258789,96.5199966430664,0.8989999890327454,33.540000915527344,97.37999725341797,0.9520000219345093,33.61000061035156,0,0,0
2020-03-06,95.94999694824219,0.7059999704360962,41.939998626708984,96.69999694824219,0.7889999747276306,54.38999938964844,95.70999908447266,0.6600000262260437,40.84000015258789,96.61000061035156,0.7139999866485596,48.93000030517578,0,0,0
2020-03-09,94.9000015258789,0.49900001287460327,54.459999084472656,95.79000091552734,0.6010000109672546,62.119998931884766,94.6500015258789,0.39800000190734863,41.939998626708984,95.79000091552734,0.48399999737739563,41.939998626708984,0,0,0
2020-03-10,96.41000366210938,0.7480000257492065,47.29999923706055,96.58000183105469,0.7559999823570251,55.65999984741211,95.2300033569336,0.5649999976158142,43.560001373291016,95.33999633789062,0.6539999842643738,49.68000030517578,0,0,0
2020-03-11,96.51000213623047,0.8199999928474426,53.900001525878906,96.62000274658203,0.8619999885559082,55.81999969482422,95.91000366210938,0.675000011920929,49.97999954223633,96.33000183105469,0.7070000171661377,52.2400016784668,0,0,0
2020-03-12,97.47000122070312,0.8489999771118164,75.47000122070312,98.30999755859375,0.8489999771118164,76.83000183105469,96.08000183105469,0.6380000114440918,59.90999984741211,96.6500015258789,0.675000011920929,61.459999084472656,0,0,0
2020-03-13,98.75,0.9509999752044678,57.83000183105469,98.80999755859375,0.9860000014305115,77.56999969482422,97.33999633789062,0.8370000123977661,55.16999816894531,97.44999694824219,0.9440000057220459,71.30999755859375,0,0,0
2020-03-16,98.08999633789062,0.7279999852180481,82.69000244140625,98.47000122070312,0.859000027179718,83.55999755859375,97.44999694824219,0.703000009059906,57.83000183105469,98.47000122070312,0.777999997138977,57.83000183105469,0,0,0
2020-03-17,99.58000183105469,0.996999979019165,75.91000366210938,99.83000183105469,0.996999979019165,84.83000183105469,97.9800033569336,0.7429999709129333,70.37000274658203,98.13999938964844,0.7940000295639038,82.69000244140625,0,0,0
2020-03-18,101.16000366210938,1.2660000324249268,76.44999694824219,101.73999786376953,1.2660000324249268,85.47000122070312,99.1500015258789,0.9990000128746033,69.37000274658203,99.37999725341797,1.0820000171661377,69.37000274658203,0,0,0
2020-03-19,102.76000213623047,1.11899995803833,72.0,102.83999633789062,1.225000023841858,84.26000213623047,100.7699966430664,1.0069999694824219,68.56999969482422,100.79000091552734,1.1369999647140503,80.62000274658203,0,0,0
2020-03-20,102.81999969482422,0.9380000233650208,66.04000091552734,102.98999786376953,1.031000018119812,69.51000213623047,101.08999633789062,0.9160000085830688,57.41999816894531,102.94000244140625,1.0160000324249268,67.86000061035156,0,0,0
2020-03-23,102.48999786376953,0.7639999985694885,61.59000015258789,102.9800033569336,0.8790000081062317,76.73999786376953,101.6500015258789,0.7149999737739563,60.459999084472656,101.94999694824219,0.7149999737739563,74.08000183105469,0,0,0
2020-03-24,101.73999786376953,0.8159999847412109,61.66999816894531,102.20999908447266,0.8960000276565552,61.880001068115234,101.05000305175781,0.8100000023841858,36.2400016784668,102.12999725341797,0.8230000138282776,58.7599983215332,0,0,0
2020-03-25,101.05000305175781,0.8579999804496765,63.95000076293945,101.91000366210938,0.8610000014305115,68.86000061035156,100.83999633789062,0.7829999923706055,58.029998779296875,101.5999984741211,0.8450000286102295,61.439998626708984,0,0,0
2020-03-26,99.41999816894531,0.8109999895095825,61.0,101.0199966430664,0.8270000219345093,67.05999755859375,99.23999786376953,0.7699999809265137,57.65999984741211,100.95999908447266,0.7870000004768372,65.66999816894531,0,0,0
2020-03-27,98.37000274658203,0.7490000128746033,65.54000091552734,99.80999755859375,0.7820000052452087,69.0999984741211,98.2699966430664,0.7310000061988831,61.79999923706055,99.29000091552734,0.7760000228881836,64.94999694824219,0,0,0
2020-03-30,99.18000030517578,0.6700000166893005,57.08000183105469,99.31999969482422,0.6809999942779541,67.69000244140625,98.29000091552734,0.5989999771118164,56.599998474121094,98.30999755859375,0.6570000052452087,66.30000305175781,0,0,0
2020-03-31,99.05000305175781,0.6980000138282776,53.540000915527344,99.94999694824219,0.7200000286102295,58.75,98.88999938964844,0.6510000228881836,50.880001068115234,99.25,0.7009999752044678,56.689998626708984,0,0,0
2020-04-01,99.66999816894531,0.6349999904632568,57.060001373291016,99.83999633789062,0.6430000066757202,60.59000015258789,98.91000366210938,0.5789999961853027,52.7599983215332,99.01000213623047,0.6100000143051147,57.380001068115234,0,0,0
2020-04-02,100.18000030517578,0.6269999742507935,50.90999984741211,100.41000366210938,0.6349999904632568,57.2400016784668,99.33999633789062,0.578000009059906,50.45000076293945,99.51000213623047,0.5920000076293945,54.459999084472656,0,0,0
2020-04-03,100.58000183105469,0.5870000123977661,46.79999923706055,100.8499984741211,0.6069999933242798,52.290000915527344,100.13999938964844,0.5680000185966492,46.7400016784668,100.19999694824219,0.5889999866485596,51.11000061035156,0,0,0
2020-04-06,100.69000244140625,0.6759999990463257,45.2400016784668,100.93000030517578,0.6759999990463257,45.72999954223633,100.4800033569336,0.6420000195503235,43.45000076293945,100.66000366210938,0.6449999809265137,44.16999816894531,0,0,0
2020-04-07,99.9800033569336,0.7360000014305115,46.70000076293945,100.79000091552734,0.7839999794960022,47.5099983215332,99.7699966430664,0.7250000238418579,43.5099983215332,100.75,0.734000027179718,44.83000183105469,0,0,0
2020-04-08,100.12000274658203,0.7639999985694885,43.349998474121094,100.43000030517578,0.7680000066757202,47.279998779296875,99.9000015258789,0.7289999723434448,42.529998779296875,99.91000366210938,0.7630000114440918,45.900001525878906,0,0,0
2020-04-09,99.5199966430664,0.7289999723434448,41.66999816894531,100.30000305175781,0.7730000019073486,45.72999954223633,99.36000061035156,0.7129999995231628,41.38999938964844,100.12999725341797,0.7269999980926514,43.0,0,0,0
2020-04-13,99.3499984741211,0.7490000128746033,41.16999816894531,99.62999725341797,0.7590000033378601,45.040000915527344,99.13999938964844,0.722000002861023,41.16999816894531,99.48999786376953,0.7409999966621399,44.599998474121094,0,0,0
2020-04-14,98.88999938964844,0.7519999742507935,37.7599983215332,99.43000030517578,0.7570000290870667,40.56999969482422,98.83000183105469,0.7300000190734863,37.310001373291016,99.37999725341797,0.746999979019165,40.2400016784668,0,0,0
2020-04-15,99.45999908447266,0.6380000114440918,40.84000015258789,99.9800033569336,0.6880000233650208,43.22999954223633,98.81999969482422,0.6269999742507935,40.04999923706055,98.81999969482422,0.6869999766349792,42.56999969482422,0,0,0
2020-04-16,100.02999877929688,0.609000027179718,40.11000061035156,100.30000305175781,0.6240000128746033,43.02000045776367,99.61000061035156,0.593999981880188,39.869998931884766,99.62999725341797,0.6140000224113464,41.91999816894531,0,0,0
2020-04-17,99.77999877929688,0.6539999842643738,38.150001525878906,100.29000091552734,0.6579999923706055,40.2599983215332,99.62000274658203,0.5870000123977661,37.630001068115234,99.86000061035156,0.6430000066757202,39.5,0,0,0
2020-04-20,99.95999908447266,0.6259999871253967,43.83000183105469,100.06999969482422,0.6430000066757202,43.83000183105469,99.6500015258789,0.6119999885559082,39.880001068115234,99.70999908447266,0.6240000128746033,40.68000030517578,0,0,0
2020-04-21,100.26000213623047,0.5709999799728394,45.40999984741211,100.4800033569336,0.578000009059906,47.77000045776367,99.93000030517578,0.5429999828338623,43.77000045776367,99.94000244140625,0.550000011920929,44.279998779296875,0,0,0
2020-04-22,100.38999938964844,0.6190000176429749,41.97999954223633,100.5,0.6359999775886536,45.06999969482422,99.9000015258789,0.5809999704360962,41.40999984741211,100.20999908447266,0.5830000042915344,44.90999984741211,0,0,0
2020-04-23,100.43000030517578,0.6129999756813049,41.380001068115234,100.69000244140625,0.6299999952316284,42.470001220703125,100.04000091552734,0.593999981880188,39.060001373291016,100.44999694824219,0.621999979019165,41.29999923706055,0,0,0
2020-04-24,100.37999725341797,0.5960000157356262,35.93000030517578,100.87000274658203,0.6209999918937683,40.16999816894531,100.22000122070312,0.5910000205039978,35.599998474121094,100.5,0.6019999980926514,38.79999923706055,0,0,0
2020-04-27,100.04000091552734,0.656000018119812,33.290000915527344,100.31999969482422,0.6620000004768372,36.439998626708984,99.83000183105469,0.6209999918937683,32.5099983215332,100.2300033569336,0.6209999918937683,36.290000915527344,0,0,0
2020-04-28,99.87000274658203,0.6100000143051147,33.56999969482422,100.20999908447266,0.6520000100135803,35.38999938964844,99.44999694824219,0.593999981880188,30.540000915527344,100.05999755859375,0.6510000228881836,33.209999084472656,0,0,0
2020-04-29,99.56999969482422,0.6269999742507935,31.229999542236328,99.88999938964844,0.640999972820282,33.189998626708984,99.47000122070312,0.5839999914169312,30.709999084472656,99.87999725341797,0.593999981880188,32.47999954223633,0,0,0
2020-04-30,99.0199966430664,0.621999979019165,34.150001525878906,99.7300033569336,0.625,35.939998626708984,98.80999755859375,0.5809999704360962,30.93000030517578,99.4800033569336,0.6110000014305115,30.989999771118164,0,0,0
2020-05-01,98.80000305175781,0.6420000195503235,37.189998626708984,99.20999908447266,0.6480000019073486,39.56999969482422,98.77999877929688,0.609000027179718,36.59000015258789,99.12999725341797,0.6129999756813049,38.16999816894531,0,0,0
2020-05-04,99.4800033569336,0.6370000243186951,35.970001220703125,99.5999984741211,0.6510000228881836,40.31999969482422,99.08999633789062,0.6150000095367432,35.529998779296875,99.08999633789062,0.6159999966621399,39.130001068115234,0,0,0
2020-05-05,99.70999908447266,0.6570000052452087,33.61000061035156,99.97000122070312,0.6729999780654907,36.220001220703125,99.30000305175781,0.6430000066757202,31.950000762939453,99.51000213623047,0.6589999794960022,34.81999969482422,0,0,0
2020-05-06,100.08999633789062,0.7110000252723694,34.119998931884766,100.19999694824219,0.7429999709129333,35.689998626708984,99.75,0.6809999942779541,31.68000030517578,99.80000305175781,0.6819999814033508,32.689998626708984,0,0,0
2020-05-07,99.88999938964844,0.6309999823570251,31.440000534057617,100.4000015258789,0.7009999752044678,32.279998779296875,99.80999755859375,0.621999979019165,30.3700008392334,100.20999908447266,0.6949999928474426,32.119998931884766,0,0,0
2020-05-08,99.7300033569336,0.6819999814033508,27.979999542236328,99.94000244140625,0.6830000281333923,30.389999389648438,99.45999908447266,0.6230000257492065,27.889999389648438,99.83999633789062,0.6309999823570251,30.139999389648438,0,0,0
2020-05-11,100.23999786376953,0.7260000109672546,27.56999969482422,100.27999877929688,0.7260000109672546,31.459999084472656,99.66999816894531,0.671999990940094,26.969999313354492,99.66999816894531,0.6830000281333923,28.459999084472656,0,0,0
2020-05-12,99.93000030517578,0.6779999732971191,33.040000915527344,100.44000244140625,0.7239999771118164,33.040000915527344,99.66000366210938,0.6679999828338623,26.0,100.2300033569336,0.7110000252723694,28.469999313354492,0,0,0
2020-05-13,100.23999786376953,0.6489999890327454,35.279998779296875,100.27999877929688,0.671999990940094,37.41999816894531,99.58000183105469,0.6349999904632568,30.770000457763672,100.01000213623047,0.6639999747276306,32.7400016784668,0,0,0
2020-05-14,100.47000122070312,0.6190000176429749,32.61000061035156,100.55999755859375,0.628000020980835,39.279998779296875,100.1500015258789,0.6039999723434448,32.33000183105469,100.19000244140625,0.6169999837875366,35.15999984741211,0,0,0
2020-05-15,100.4000015258789,0.6399999856948853,31.889999389648438,100.48999786376953,0.6489999890327454,35.130001068115234,100.08000183105469,0.5899999737739563,31.040000915527344,100.26000213623047,0.6039999723434448,32.5,0,0,0
2020-05-18,99.66999816894531,0.7440000176429749,29.299999237060547,100.47000122070312,0.7440000176429749,31.079999923706055,99.58000183105469,0.6610000133514404,28.350000381469727,100.36000061035156,0.6660000085830688,30.709999084472656,0,0,0
2020-05-19,99.37000274658203,0.7110000252723694,30.530000686645508,99.7300033569336,0.7450000047683716,30.739999771118164,99.2300033569336,0.7049999833106995,28.3700008392334,99.62000274658203,0.7289999723434448,28.729999542236328,0,0,0
2020-05-20,99.12000274658203,0.6800000071525574,27.989999771118164,99.55999755859375,0.7210000157356262,29.829999923706055,99.0,0.6700000166893005,27.829999923706055,99.55000305175781,0.703000009059906,29.520000457763672,0,0,0
2020-05-21,99.37000274658203,0.6769999861717224,29.530000686645508,99.51000213623047,0.6819999814033508,30.200000762939453,99.0199966430664,0.6539999842643738,27.670000076293945,99.18000030517578,0.6800000071525574,28.969999313354492,0,0,0
2020-05-22,99.86000061035156,0.6570000052452087,28.15999984741211,99.87000274658203,0.671999990940094,31.549999237060547,99.38999938964844,0.6480000019073486,28.030000686645508,99.41999816894531,0.6570000052452087,31.360000610351562,0,0,0
2020-05-26,98.91000366210938,0.6980000138282776,28.010000228881836,99.7699966430664,0.7080000042915344,28.579999923706055,98.9000015258789,0.6899999976158142,27.18000030517578,99.7699966430664,0.6970000267028809,27.719999313354492,0,0,0
2020-05-27,99.05999755859375,0.6800000071525574,27.6200008392334,99.33999633789062,0.7229999899864197,30.530000686645508,98.72000122070312,0.6610000133514404,25.920000076293945,99.0199966430664,0.7229999899864197,27.6200008392334,0,0,0
2020-05-28,98.37999725341797,0.7049999833106995,28.59000015258789,99.08999633789062,0.7129999995231628,29.889999389648438,98.3499984741211,0.6850000023841858,27.43000030517578,98.91000366210938,0.6869999766349792,27.81999969482422,0,0,0
2020-05-29,98.33999633789062,0.6480000019073486,27.510000228881836,98.55000305175781,0.6850000023841858,30.15999984741211,97.94999694824219,0.6480000019073486,27.290000915527344,98.5199966430664,0.6639999747276306,29.299999237060547,0,0,0
2020-06-01,97.83000183105469,0.6620000004768372,28.229999542236328,98.31999969482422,0.6869999766349792,30.600000381469727,97.79000091552734,0.6620000004768372,28.110000610351562,98.30000305175781,0.6669999957084656,28.940000534057617,0,0,0
2020-06-02,97.66999816894531,0.6800000071525574,26.84000015258789,97.91000366210938,0.6869999766349792,28.520000457763672,97.43000030517578,0.6610000133514404,26.65999984741211,97.83999633789062,0.6850000023841858,28.399999618530273,0,0,0
2020-06-03,97.27999877929688,0.7609999775886536,25.65999984741211,97.62999725341797,0.7710000276565552,26.979999542236328,97.19000244140625,0.7049999833106995,25.040000915527344,97.56999969482422,0.7080000042915344,26.75,0,0,0
2020-06-04,96.68000030517578,0.8199999928474426,25.809999465942383,97.62999725341797,0.8230000138282776,26.43000030517578,96.56999969482422,0.7440000176429749,24.3799991607666,97.31999969482422,0.7540000081062317,26.229999542236328,0,0,0
2020-06-05,96.94000244140625,0.9039999842643738,24.520000457763672,97.02999877929688,0.9570000171661377,25.09000015258789,96.44000244140625,0.8619999885559082,23.540000915527344,96.73999786376953,0.8669999837875366,24.790000915527344,0,0,0
2020-06-08,96.62000274658203,0.8840000033378601,25.809999465942383,97.06999969482422,0.9150000214576721,25.979999542236328,96.5999984741211,0.8619999885559082,24.649999618530273,96.83999633789062,0.9100000262260437,25.559999465942383,0,0,0
2020-06-09,96.31999969482422,0.8289999961853027,27.56999969482422,97.05999755859375,0.8399999737739563,27.700000762939453,96.2300033569336,0.8019999861717224,25.709999084472656,96.62999725341797,0.8370000123977661,25.93000030517578,0,0,0
2020-06-10,95.95999908447266,0.7480000257492065,27.56999969482422,96.45999908447266,0.8119999766349792,29.010000228881836,95.72000122070312,0.7429999709129333,26.059999465942383,96.43000030517578,0.8069999814033508,26.729999542236328,0,0,0
2020-06-11,96.7300033569336,0.652999997138977,40.790000915527344,96.83000183105469,0.699999988079071,42.58000183105469,95.94999694824219,0.6510000228881836,29.489999771118164,96.08999633789062,0.6970000267028809,30.450000762939453,0,0,0
2020-06-12,97.31999969482422,0.6990000009536743,36.09000015258789,97.44999694824219,0.7129999995231628,44.15999984741211,96.48999786376953,0.6740000247955322,34.970001220703125,96.80999755859375,0.7020000219345093,37.68000030517578,0,0,0
2020-06-15,96.68000030517578,0.7020000219345093,34.400001525878906,97.38999938964844,0.7149999737739563,44.439998626708984,96.5999984741211,0.6610000133514404,34.279998779296875,97.08999633789062,0.6690000295639038,44.09000015258789,0,0,0
2020-06-16,96.95999908447266,0.7559999823570251,33.66999816894531,97.25,0.7839999794960022,37.45000076293945,96.43000030517578,0.7229999899864197,31.729999542236328,96.55999755859375,0.7609999775886536,34.279998779296875,0,0,0
2020-06-17,97.16000366210938,0.7329999804496765,33.470001220703125,97.33999633789062,0.7630000114440918,35.16999816894531,96.80000305175781,0.7279999852180481,32.25,97.01000213623047,0.7559999823570251,33.279998779296875,0,0,0
2020-06-18,97.41999816894531,0.6940000057220459,32.939998626708984,97.58000183105469,0.7080000042915344,36.25,96.94999694824219,0.6940000057220459,32.2400016784668,97.08000183105469,0.7039999961853027,33.83000183105469,0,0,0
2020-06-19,97.62000274658203,0.6970000267028809,35.119998931884766,97.72000122070312,0.7450000047683716,35.119998931884766,97.16000366210938,0.6869999766349792,30.399999618530273,97.41999816894531,0.7329999804496765,32.06999969482422,0,0,0
2020-06-22,97.04000091552734,0.7039999961853027,31.770000457763672,97.73999786376953,0.7089999914169312,35.38999938964844,97.01000213623047,0.6740000247955322,31.639999389648438,97.66000366210938,0.6949999928474426,35.220001220703125,0,0,0
2020-06-23,96.69000244140625,0.7089999914169312,31.3700008392334,97.25,0.7300000190734863,31.709999084472656,96.38999938964844,0.7070000171661377,29.260000228881836,96.93000030517578,0.7250000238418579,31.709999084472656,0,0,0
2020-06-24,97.1500015258789,0.6840000152587891,33.84000015258789,97.23999786376953,0.7300000190734863,37.119998931884766,96.55000305175781,0.6790000200271606,30.950000762939453,96.66000366210938,0.7300000190734863,31.049999237060547,0,0,0
2020-06-25,97.43000030517578,0.6740000247955322,32.220001220703125,97.5999984741211,0.6769999861717224,36.93000030517578,97.16000366210938,0.6579999923706055,31.59000015258789,97.23999786376953,0.6639999747276306,36.59000015258789,0,0,0
2020-06-26,97.5,0.6359999775886536,34.72999954223633,97.68000030517578,0.6710000038146973,36.25,97.26000213623047,0.6320000290870667,31.040000915527344,97.3499984741211,0.6690000295639038,33.0099983215332,0,0,0
2020-06-29,97.54000091552734,0.6359999775886536,31.780000686645508,97.6500015258789,0.6539999842643738,36.310001373291016,97.11000061035156,0.6320000290870667,31.780000686645508,97.5,0.6510000228881836,35.04999923706055,0,0,0
2020-06-30,97.38999938964844,0.652999997138977,30.43000030517578,97.80000305175781,0.6660000085830688,32.939998626708984,97.2300033569336,0.6190000176429749,29.559999465942383,97.4000015258789,0.625,32.540000915527344,0,0,0
2020-07-01,97.19999694824219,0.6819999814033508,28.6200008392334,97.62000274658203,0.7020000219345093,31.760000228881836,97.02999877929688,0.6679999828338623,28.200000762939453,97.38999938964844,0.6809999942779541,30.959999084472656,0,0,0
2020-07-02,97.31999969482422,0.6690000295639038,27.68000030517578,97.33999633789062,0.7239999771118164,28.440000534057617,96.80999755859375,0.6639999747276306,25.899999618530273,97.1500015258789,0.6790000200271606,28.329999923706055,0,0,0
2020-07-06,96.79000091552734,0.6840000152587891,27.940000534057617,97.19999694824219,0.7120000123977661,28.329999923706055,96.56999969482422,0.6840000152587891,24.920000076293945,97.1500015258789,0.6959999799728394,27.760000228881836,0,0,0
2020-07-07,96.87999725341797,0.6499999761581421,29.43000030517578,97.1500015258789,0.6809999942779541,29.6299991607666,96.5999984741211,0.6399999856948853,27.25,96.75,0.6740000247955322,28.770000457763672,0,0,0
2020-07-08,96.43000030517578,0.652999997138977,28.079999923706055,97.05000305175781,0.6740000247955322,30.200000762939453,96.4000015258789,0.6449999809265137,27.239999771118164,96.98999786376953,0.6549999713897705,28.950000762939453,0,0,0
2020-07-09,96.69999694824219,0.6050000190734863,29.260000228881836,96.80999755859375,0.6549999713897705,31.479999542236328,96.23999786376953,0.5989999771118164,26.110000610351562,96.44999694824219,0.6549999713897705,28.18000030517578,0,0,0
2020-07-10,96.6500015258789,0.6330000162124634,27.290000915527344,96.97000122070312,0.6370000243186951,30.90999984741211,96.44000244140625,0.5730000138282776,27.1299991607666,96.75,0.5839999914169312,30.860000610351562,0,0,0
2020-07-13,96.45999908447266,0.6399999856948853,32.189998626708984,96.68000030517578,0.6629999876022339,32.45000076293945,96.2699966430664,0.6349999904632568,26.8700008392334,96.66000366210938,0.6480000019073486,27.850000381469727,0,0,0
2020-07-14,96.26000213623047,0.6150000095367432,29.520000457763672,96.69999694824219,0.6320000290870667,33.66999816894531,96.18000030517578,0.6000000238418579,29.209999084472656,96.54000091552734,0.6269999742507935,31.139999389648438,0,0,0
2020-07-15,96.08000183105469,0.6299999952316284,27.760000228881836,96.25,0.6579999923706055,30.09000015258789,95.77999877929688,0.6179999709129333,27.170000076293945,96.16999816894531,0.6499999761581421,29.149999618530273,0,0,0
2020-07-16,96.3499984741211,0.6119999885559082,28.0,96.4000015258789,0.6200000047683716,29.290000915527344,95.88999938964844,0.6000000238418579,26.979999542236328,96.0,0.6179999709129333,28.40999984741211,0,0,0
2020-07-17,95.94000244140625,0.628000020980835,25.68000030517578,96.33000183105469,0.6320000290870667,27.540000915527344,95.9000015258789,0.6000000238418579,25.40999984741211,96.27999877929688,0.6039999723434448,27.149999618530273,0,0,0
2020-07-20,95.83000183105469,0.6200000047683716,24.459999084472656,96.18000030517578,0.625,27.079999923706055,95.7300033569336,0.6019999980926514,24.350000381469727,96.01000213623047,0.6069999933242798,26.940000534057617,0,0,0
2020-07-21,95.12000274658203,0.6069999933242798,24.84000015258789,95.91999816894531,0.621999979019165,25.649999618530273,95.05000305175781,0.593999981880188,23.610000610351562,95.75,0.6169999837875366,24.079999923706055,0,0,0
2020-07-22,94.97000122070312,0.5950000286102295,24.31999969482422,95.41000366210938,0.5989999771118164,26.260000228881836,94.83000183105469,0.5820000171661377,24.1299991607666,95.12999725341797,0.5910000205039978,24.559999465942383,0,0,0
2020-07-23,94.69000244140625,0.5820000171661377,26.079999923706055,95.18000030517578,0.5920000076293945,26.950000762939453,94.58999633789062,0.5740000009536743,23.600000381469727,94.9800033569336,0.5839999914169312,23.969999313354492,0,0,0
2020-07-24,94.44000244140625,0.5889999866485596,25.84000015258789,94.83000183105469,0.597000002861023,28.579999923706055,94.33000183105469,0.5770000219345093,25.530000686645508,94.7699966430664,0.5860000252723694,27.959999084472656,0,0,0
2020-07-27,93.66999816894531,0.609000027179718,24.739999771118164,94.41999816894531,0.6100000143051147,26.940000534057617,93.4800033569336,0.5740000009536743,24.549999237060547,94.3499984741211,0.5789999961853027,26.600000381469727,0,0,0
2020-07-28,93.76000213623047,0.5809999704360962,25.440000534057617,94.01000213623047,0.6069999933242798,25.850000381469727,93.48999786376953,0.5770000219345093,24.049999237060547,93.58000183105469,0.6050000190734863,24.860000610351562,0,0,0
2020-07-29,93.26000213623047,0.5789999961853027,24.100000381469727,93.80000305175781,0.5950000286102295,25.420000076293945,93.18000030517578,0.5709999799728394,23.729999542236328,93.75,0.5839999914169312,25.15999984741211,0,0,0
2020-07-30,93.0199966430664,0.5410000085830688,24.760000228881836,93.68000030517578,0.5609999895095825,28.290000915527344,92.93000030517578,0.5379999876022339,24.639999389648438,93.31999969482422,0.5609999895095825,25.040000915527344,0,0,0
2020-07-31,93.48999786376953,0.5360000133514404,24.459999084472656,93.54000091552734,0.5640000104904175,26.40999984741211,92.55000305175781,0.527999997138977,23.549999237060547,92.81999969482422,0.5299999713897705,24.790000915527344,0,0,0
2020-08-03,93.5,0.5630000233650208,24.280000686645508,93.98999786376953,0.5720000267028809,26.010000228881836,93.31999969482422,0.5529999732971191,22.170000076293945,93.45999908447266,0.5590000152587891,25.75,0,0,0
2020-08-04,93.37999725341797,0.5149999856948853,23.760000228881836,93.83000183105469,0.5379999876022339,24.760000228881836,93.2300033569336,0.5099999904632568,22.920000076293945,93.55999755859375,0.5379999876022339,24.010000228881836,0,0,0
2020-08-05,92.83000183105469,0.5429999828338623,22.989999771118164,93.25,0.5529999732971191,23.610000610351562,92.55999755859375,0.527999997138977,22.860000610351562,93.2300033569336,0.5299999713897705,23.440000534057617,0,0,0
2020-08-06,92.79000091552734,0.5360000133514404,22.649999618530273,93.08999633789062,0.5429999828338623,24.110000610351562,92.5199966430664,0.5040000081062317,20.969999313354492,92.7699966430664,0.5220000147819519,23.030000686645508,0,0,0
2020-08-07,93.44000244140625,0.5619999766349792,22.209999084472656,93.62000274658203,0.5690000057220459,24.020000457763672,92.76000213623047,0.5249999761581421,22.020000457763672,92.80999755859375,0.531000018119812,23.450000762939453,0,0,0
2020-08-10,93.58000183105469,0.5740000009536743,22.1299991607666,93.69999694824219,0.5759999752044678,23.520000457763672,93.30000305175781,0.5460000038146973,21.459999084472656,93.38999938964844,0.5540000200271606,22.8799991607666,0,0,0
2020-08-11,93.62999725341797,0.6579999923706055,24.030000686645508,93.73999786376953,0.6610000133514404,24.93000030517578,93.16999816894531,0.6100000143051147,20.280000686645508,93.5999984741211,0.6100000143051147,21.850000381469727,0,0,0
2020-08-12,93.44000244140625,0.6700000166893005,22.280000686645508,93.91000366210938,0.6899999976158142,22.8799991607666,93.2699966430664,0.6549999713897705,21.540000915527344,93.68000030517578,0.675000011920929,22.81999969482422,0,0,0
2020-08-13,93.33999633789062,0.7160000205039978,22.1299991607666,93.38999938964844,0.7269999980926514,22.920000076293945,92.93000030517578,0.675000011920929,21.450000762939453,93.37000274658203,0.6819999814033508,22.200000762939453,0,0,0
2020-08-14,93.0999984741211,0.7089999914169312,22.049999237060547,93.41000366210938,0.7129999995231628,23.549999237060547,93.0199966430664,0.6909999847412109,21.790000915527344,93.22000122070312,0.7080000042915344,22.270000457763672,0,0,0
2020-08-17,92.8499984741211,0.6830000281333923,21.350000381469727,93.12000274658203,0.6930000185966492,22.81999969482422,92.7699966430664,0.6669999957084656,21.34000015258789,93.0999984741211,0.6869999766349792,22.520000457763672,0,0,0
2020-08-18,92.2699966430664,0.6690000295639038,21.510000228881836,92.81999969482422,0.6880000233650208,22.549999237060547,92.12999725341797,0.6570000052452087,21.18000030517578,92.81999969482422,0.6790000200271606,21.690000534057617,0,0,0
2020-08-19,92.88999938964844,0.675000011920929,22.540000915527344,93.05000305175781,0.6880000233650208,22.979999542236328,92.1500015258789,0.6480000019073486,20.989999771118164,92.27999877929688,0.656000018119812,21.600000381469727,0,0,0
2020-08-20,92.79000091552734,0.6439999938011169,22.719999313354492,93.23999786376953,0.652999997138977,24.600000381469727,92.7300033569336,0.6380000114440918,22.3700008392334,92.95999908447266,0.6480000019073486,24.100000381469727,0,0,0
2020-08-21,93.25,0.6399999856948853,22.540000915527344,93.47000122070312,0.656000018119812,24.469999313354492,92.58000183105469,0.6230000257492065,22.059999465942383,92.72000122070312,0.6320000290870667,22.579999923706055,0,0,0
2020-08-24,93.30000305175781,0.6460000276565552,22.3700008392334,93.33999633789062,0.6510000228881836,23.18000030517578,92.83999633789062,0.621999979019165,21.25,93.19999694824219,0.6330000162124634,22.8700008392334,0,0,0
2020-08-25,93.0199966430664,0.6819999814033508,22.030000686645508,93.3499984741211,0.7160000205039978,23.43000030517578,92.97000122070312,0.6790000200271606,21.530000686645508,93.27999877929688,0.6850000023841858,22.15999984741211,0,0,0
2020-08-26,93.01000213623047,0.6869999766349792,23.270000457763672,93.36000061035156,0.7210000157356262,23.270000457763672,92.8499984741211,0.6850000023841858,20.920000076293945,93.0199966430664,0.7160000205039978,22.139999389648438,0,0,0
2020-08-27,93.01000213623047,0.7459999918937683,24.469999313354492,93.31999969482422,0.7459999918937683,27.09000015258789,92.41999816894531,0.6489999890327454,21.440000534057617,92.8499984741211,0.675000011920929,23.420000076293945,0,0,0
2020-08-28,92.37000274658203,0.7289999723434448,22.959999084472656,93.0999984741211,0.7459999918937683,26.299999237060547,92.19999694824219,0.7129999995231628,22.639999389648438,93.0199966430664,0.7390000224113464,24.59000015258789,0,0,0
2020-08-31,92.13999938964844,0.6930000185966492,26.40999984741211,92.4800033569336,0.7390000224113464,26.5,91.98999786376953,0.6919999718666077,21.770000457763672,92.30000305175781,0.7329999804496765,23.90999984741211,0,0,0
2020-09-01,92.33999633789062,0.671999990940094,26.1200008392334,92.4000015258789,0.7289999723434448,26.59000015258789,91.75,0.6710000038146973,25.020000457763672,92.18000030517578,0.7200000286102295,25.860000610351562,0,0,0
2020-09-02,92.8499984741211,0.6510000228881836,26.56999969482422,92.87000274658203,0.6869999766349792,27.06999969482422,92.20999908447266,0.6430000066757202,25.530000686645508,92.27999877929688,0.6769999861717224,26.010000228881836,0,0,0
2020-09-03,92.73999786376953,0.621999979019165,33.599998474121094,93.06999969482422,0.6579999923706055,35.939998626708984,92.6500015258789,0.6060000061988831,25.65999984741211,92.66000366210938,0.6510000228881836,26.280000686645508,0,0,0
2020-09-04,92.72000122070312,0.7210000157356262,30.75,93.23999786376953,0.7210000157356262,38.279998779296875,92.66000366210938,0.6430000066757202,29.5,92.80000305175781,0.6489999890327454,34.619998931884766,0,0,0
2020-09-08,93.4800033569336,0.6840000152587891,31.459999084472656,93.5,0.6850000023841858,35.93000030517578,93.0,0.6639999747276306,30.520000457763672,93.05000305175781,0.6790000200271606,30.610000610351562,0,0,0
2020-09-09,93.26000213623047,0.703000009059906,28.809999465942383,93.66000366210938,0.7099999785423279,31.780000686645508,93.13999938964844,0.6740000247955322,28.1200008392334,93.58000183105469,0.6899999976158142,31.68000030517578,0,0,0
2020-09-10,93.33999633789062,0.6850000023841858,29.709999084472656,93.44999694824219,0.7229999899864197,30.559999465942383,92.69999694824219,0.6790000200271606,27.59000015258789,93.2300033569336,0.7049999833106995,28.670000076293945,0,0,0
2020-09-11,93.33000183105469,0.6690000295639038,26.8700008392334,93.37999725341797,0.6970000267028809,29.729999542236328,93.0999984741211,0.6639999747276306,26.510000228881836,93.33000183105469,0.6919999718666077,28.6299991607666,0,0,0
2020-09-14,93.06999969482422,0.6710000038146973,25.850000381469727,93.33000183105469,0.6759999990463257,26.790000915527344,92.87000274658203,0.652999997138977,25.3799991607666,93.29000091552734,0.6759999990463257,25.860000610351562,0,0,0
2020-09-15,93.05000305175781,0.6790000200271606,25.59000015258789,93.13999938964844,0.6890000104904175,26.0,92.79000091552734,0.6740000247955322,24.920000076293945,93.05999755859375,0.6850000023841858,25.920000076293945,0,0,0
2020-09-16,93.20999908447266,0.6869999766349792,26.040000915527344,93.27999877929688,0.7020000219345093,26.59000015258789,92.77999877929688,0.656000018119812,24.84000015258789,93.08000183105469,0.6690000295639038,25.309999465942383,0,0,0
2020-09-17,92.97000122070312,0.6840000152587891,26.459999084472656,93.58999633789062,0.6890000104904175,28.920000076293945,92.87000274658203,0.6460000276565552,26.260000228881836,93.1500015258789,0.6629999876022339,28.219999313354492,0,0,0
2020-09-18,92.93000030517578,0.6940000057220459,25.829999923706055,93.01000213623047,0.6970000267028809,28.100000381469727,92.7699966430664,0.6690000295639038,25.280000686645508,92.86000061035156,0.6690000295639038,26.649999618530273,0,0,0
2020-09-21,93.54000091552734,0.6710000038146973,27.780000686645508,93.77999877929688,0.6710000038146973,31.18000030517578,92.75,0.6480000019073486,27.389999389648438,93.01000213623047,0.6610000133514404,28.040000915527344,0,0,0
2020-09-22,93.98999786376953,0.6639999747276306,26.860000610351562,94.08000183105469,0.6790000200271606,28.780000686645508,93.47000122070312,0.6610000133514404,26.479999542236328,93.55000305175781,0.6690000295639038,28.610000610351562,0,0,0
2020-09-23,94.38999938964844,0.6759999990463257,28.579999923706055,94.43000030517578,0.6919999718666077,29.729999542236328,93.93000030517578,0.6710000038146973,25.190000534057617,93.98999786376953,0.6790000200271606,27.020000457763672,0,0,0
2020-09-24,94.3499984741211,0.6660000085830688,28.510000228881836,94.58999633789062,0.6740000247955322,30.489999771118164,94.19999694824219,0.6610000133514404,27.940000534057617,94.37999725341797,0.6679999828338623,29.540000915527344,0,0,0
2020-09-25,94.58000183105469,0.6589999794960022,26.3799991607666,94.73999786376953,0.6639999747276306,30.43000030517578,94.19000244140625,0.6510000228881836,26.020000457763672,94.31999969482422,0.6589999794960022,28.170000076293945,0,0,0
2020-09-28,94.26000213623047,0.6629999876022339,26.190000534057617,94.63999938964844,0.6710000038146973,27.190000534057617,94.1500015258789,0.656000018119812,24.899999618530273,94.58000183105469,0.6710000038146973,27.149999618530273,0,0,0
2020-09-29,93.88999938964844,0.6449999809265137,26.270000457763672,94.30000305175781,0.6589999794960022,27.43000030517578,93.81999969482422,0.640999972820282,25.979999542236328,94.23999786376953,0.6499999761581421,26.809999465942383,0,0,0
2020-09-30,93.88999938964844,0.6769999861717224,26.3700008392334,94.19000244140625,0.7039999961853027,27.1200008392334,93.66999816894531,0.6449999809265137,25.059999465942383,93.8499984741211,0.6449999809265137,26.690000534057617,0,0,0
2020-10-01,93.70999908447266,0.6769999861717224,26.700000762939453,93.91999816894531,0.7200000286102295,27.110000610351562,93.52999877929688,0.6690000295639038,25.329999923706055,93.80000305175781,0.7009999752044678,25.780000686645508,0,0,0
2020-10-02,93.83999633789062,0.6959999799728394,27.6299991607666,94.02999877929688,0.7039999961853027,29.899999618530273,93.69000244140625,0.652999997138977,26.93000030517578,93.7300033569336,0.6660000085830688,28.8700008392334,0,0,0
2020-10-05,93.51000213623047,0.7620000243186951,27.959999084472656,93.87000274658203,0.7620000243186951,29.690000534057617,93.37000274658203,0.7110000252723694,27.270000457763672,93.80999755859375,0.7110000252723694,29.520000457763672,0,0,0
2020-10-06,93.83000183105469,0.7419999837875366,29.479999542236328,93.8499984741211,0.7919999957084656,30.0,93.33999633789062,0.7269999980926514,26.010000228881836,93.44000244140625,0.7850000262260437,28.049999237060547,0,0,0
2020-10-07,93.62999725341797,0.7850000262260437,28.059999465942383,93.9000015258789,0.7889999747276306,29.760000228881836,93.55999755859375,0.7599999904632568,27.940000534057617,93.83000183105469,0.7799999713897705,29.260000228881836,0,0,0
2020-10-08,93.61000061035156,0.7649999856948853,26.360000610351562,93.77999877929688,0.7799999713897705,27.989999771118164,93.5,0.7620000243186951,24.8799991607666,93.61000061035156,0.7799999713897705,27.649999618530273,0,0,0
2020-10-09,93.05999755859375,0.7749999761581421,25.0,93.58999633789062,0.7990000247955322,26.219999313354492,93.01000213623047,0.7599999904632568,24.030000686645508,93.55999755859375,0.7739999890327454,26.200000762939453,0,0,0
2020-10-12,93.06999969482422,0.7770000100135803,25.06999969482422,93.23999786376953,0.7770000100135803,25.649999618530273,93.01000213623047,0.7770000100135803,24.139999389648438,93.05999755859375,0.7770000100135803,25.649999618530273,0,0,0
2020-10-13,93.52999877929688,0.7269999980926514,26.06999969482422,93.5999984741211,0.7570000290870667,26.93000030517578,93.02999877929688,0.7260000109672546,25.15999984741211,93.02999877929688,0.7570000290870667,25.670000076293945,0,0,0
2020-10-14,93.37999725341797,0.722000002861023,26.399999618530273,93.66999816894531,0.7269999980926514,27.229999542236328,93.25,0.7089999914169312,25.530000686645508,93.54000091552734,0.7170000076293945,25.719999313354492,0,0,0
2020-10-15,93.86000061035156,0.7310000061988831,26.969999313354492,93.9000015258789,0.734000027179718,29.059999465942383,93.37000274658203,0.6930000185966492,26.81999969482422,93.43000030517578,0.6980000138282776,27.100000381469727,0,0,0
2020-10-16,93.68000030517578,0.7440000176429749,27.40999984741211,93.87999725341797,0.7570000290870667,27.459999084472656,93.52999877929688,0.7210000157356262,26.190000534057617,93.80000305175781,0.7269999980926514,27.15999984741211,0,0,0
2020-10-19,93.43000030517578,0.7609999775886536,29.18000030517578,93.7699966430664,0.781000018119812,29.690000534057617,93.20999908447266,0.7570000290870667,27.040000915527344,93.72000122070312,0.7710000276565552,27.360000610351562,0,0,0
2020-10-20,93.06999969482422,0.796999990940094,29.350000381469727,93.5,0.7990000247955322,29.600000381469727,93.0,0.7760000228881836,28.290000915527344,93.41999816894531,0.7789999842643738,28.809999465942383,0,0,0
2020-10-21,92.61000061035156,0.8159999847412109,28.649999618530273,93.06999969482422,0.8230000138282776,30.549999237060547,92.47000122070312,0.7990000247955322,28.3700008392334,93.05000305175781,0.8209999799728394,29.1200008392334,0,0,0
2020-10-22,92.94999694824219,0.8479999899864197,28.110000610351562,92.97000122070312,0.8529999852180481,30.1200008392334,92.61000061035156,0.8040000200271606,27.68000030517578,92.66999816894531,0.8130000233650208,30.100000381469727,0,0,0
2020-10-23,92.7699966430664,0.8410000205039978,27.549999237060547,93.12999725341797,0.871999979019165,28.670000076293945,92.66000366210938,0.8309999704360962,27.260000228881836,92.93000030517578,0.8600000143051147,28.469999313354492,0,0,0
2020-10-26,93.05000305175781,0.8009999990463257,32.459999084472656,93.11000061035156,0.8180000185966492,33.68000030517578,92.73999786376953,0.7910000085830688,29.219999313354492,92.76000213623047,0.8180000185966492,29.3799991607666,0,0,0
2020-10-27,92.94000244140625,0.777999997138977,33.349998474121094,93.12999725341797,0.7940000295639038,33.77000045776367,92.79000091552734,0.7689999938011169,31.850000381469727,93.06999969482422,0.7940000295639038,32.040000915527344,0,0,0
2020-10-28,93.41000366210938,0.781000018119812,40.279998779296875,93.6500015258789,0.7829999923706055,40.77000045776367,93.05000305175781,0.7459999918937683,34.68000030517578,93.1500015258789,0.7609999775886536,34.689998626708984,0,0,0
2020-10-29,93.95999908447266,0.8349999785423279,37.59000015258789,94.0999984741211,0.8420000076293945,41.15999984741211,93.33999633789062,0.7689999938011169,35.630001068115234,93.45999908447266,0.7689999938011169,38.79999923706055,0,0,0
2020-10-30,94.04000091552734,0.8600000143051147,38.02000045776367,94.08000183105469,0.8650000095367432,41.09000015258789,93.6500015258789,0.8159999847412109,36.5,93.91999816894531,0.8199999928474426,40.810001373291016,0,0,0
2020-11-02,94.05000305175781,0.8489999771118164,37.130001068115234,94.29000091552734,0.8550000190734863,38.779998779296875,93.88999938964844,0.828000009059906,36.130001068115234,93.88999938964844,0.8539999723434448,38.56999969482422,0,0,0
2020-11-03,93.55000305175781,0.8820000290870667,35.54999923706055,94.05000305175781,0.8960000276565552,36.439998626708984,93.29000091552734,0.8709999918937683,34.189998626708984,94.05000305175781,0.8709999918937683,36.439998626708984,0,0,0
2020-11-04,93.41000366210938,0.7680000066757202,29.56999969482422,94.30000305175781,0.8009999990463257,36.849998474121094,93.08999633789062,0.7559999823570251,28.030000686645508,93.08999633789062,0.7860000133514404,36.790000915527344,0,0,0
2020-11-05,92.52999877929688,0.7760000228881836,27.579999923706055,93.55000305175781,0.7900000214576721,28.139999389648438,92.48999786376953,0.7480000257492065,26.040000915527344,93.33999633789062,0.7630000114440918,27.559999465942383,0,0,0
2020-11-06,92.2300033569336,0.8199999928474426,24.860000610351562,92.81999969482422,0.8370000123977661,29.440000534057617,92.18000030517578,0.7820000052452087,24.559999465942383,92.56999969482422,0.7829999923706055,27.8700008392334,0,0,0
2020-11-09,92.7300033569336,0.9580000042915344,25.75,92.95999908447266,0.9750000238418579,25.81999969482422,92.12999725341797,0.902999997138977,22.40999984741211,92.23999786376953,0.9179999828338623,24.799999237060547,0,0,0
2020-11-10,92.75,0.972000002861023,24.799999237060547,92.97000122070312,0.9729999899864197,26.770000457763672,92.5999984741211,0.9390000104904175,24.350000381469727,92.76000213623047,0.9490000009536743,25.360000610351562,0,0,0
2020-11-11,93.04000091552734,0.9580000042915344,23.450000762939453,93.20999908447266,0.9580000042915344,25.1200008392334,92.61000061035156,0.9580000042915344,22.56999969482422,92.69999694824219,0.9580000042915344,25.010000228881836,0,0,0
2020-11-12,92.95999908447266,0.8849999904632568,25.350000381469727,93.13999938964844,0.9369999766349792,27.270000457763672,92.77999877929688,0.8830000162124634,23.530000686645508,93.01000213623047,0.9369999766349792,24.389999389648438,0,0,0
2020-11-13,92.76000213623047,0.8930000066757202,23.100000381469727,93.01000213623047,0.8980000019073486,25.030000686645508,92.70999908447266,0.871999979019165,22.739999771118164,92.94999694824219,0.8880000114440918,24.940000534057617,0,0,0
2020-11-16,92.56999969482422,0.906000018119812,22.450000762939453,92.83999633789062,0.9210000038146973,24.079999923706055,92.45999908447266,0.8960000276565552,22.43000030517578,92.72000122070312,0.9160000085830688,23.65999984741211,0,0,0
2020-11-17,92.41999816894531,0.871999979019165,22.709999084472656,92.61000061035156,0.8849999904632568,24.09000015258789,92.2699966430664,0.8650000095367432,22.34000015258789,92.48999786376953,0.878000020980835,22.84000015258789,0,0,0
2020-11-18,92.31999969482422,0.8820000290870667,23.84000015258789,92.51000213623047,0.8930000066757202,23.920000076293945,92.20999908447266,0.8510000109672546,21.65999984741211,92.44000244140625,0.8539999723434448,22.860000610351562,0,0,0
2020-11-19,92.29000091552734,0.8539999723434448,23.110000610351562,92.72000122070312,0.8650000095367432,24.520000457763672,92.23999786376953,0.8420000076293945,22.559999465942383,92.55999755859375,0.8569999933242798,23.6200008392334,0,0,0
2020-11-20,92.38999938964844,0.8289999961853027,23.700000762939453,92.43000030517578,0.8500000238418579,23.729999542236328,92.20999908447266,0.8259999752044678,22.1299991607666,92.33999633789062,0.8289999961853027,23.43000030517578,0,0,0
2020-11-23,92.51000213623047,0.8569999933242798,22.65999984741211,92.80000305175781,0.8619999885559082,23.959999084472656,92.0199966430664,0.8460000157356262,22.450000762939453,92.4000015258789,0.8539999723434448,23.65999984741211,0,0,0
2020-11-24,92.2300033569336,0.8820000290870667,21.639999389648438,92.55999755859375,0.8880000114440918,22.479999542236328,92.12999725341797,0.8650000095367432,20.799999237060547,92.52999877929688,0.8730000257492065,22.040000915527344,0,0,0
2020-11-25,91.98999786376953,0.878000020980835,21.25,92.26000213623047,0.8849999904632568,22.5,91.93000030517578,0.8550000190734863,21.1299991607666,92.11000061035156,0.8799999952316284,21.649999618530273,0,0,0
2020-11-27,91.79000091552734,0.8420000076293945,20.84000015258789,92.05000305175781,0.8640000224113464,21.600000381469727,91.76000213623047,0.8389999866485596,19.510000228881836,92.0199966430664,0.8569999933242798,21.520000457763672,0,0,0
2020-11-30,91.87000274658203,0.843999981880188,20.56999969482422,92.05000305175781,0.859000027179718,22.889999389648438,91.51000213623047,0.8370000123977661,20.479999542236328,91.77999877929688,0.8500000238418579,22.639999389648438,0,0,0
2020-12-01,91.30999755859375,0.9340000152587891,20.770000457763672,91.94999694824219,0.9380000233650208,20.920000076293945,91.16000366210938,0.8569999933242798,20.0,91.94999694824219,0.8569999933242798,20.209999084472656,0,0,0
2020-12-02,91.12000274658203,0.9480000138282776,21.170000076293945,91.5,0.9660000205039978,21.25,90.98999786376953,0.9200000166893005,20.040000915527344,91.19000244140625,0.9229999780654907,21.0,0,0,0
2020-12-03,90.70999908447266,0.9200000166893005,21.280000686645508,91.08999633789062,0.9409999847412109,21.8799991607666,90.51000213623047,0.9100000262260437,20.719999313354492,91.05999755859375,0.9390000104904175,21.239999771118164,0,0,0
2020-12-04,90.69999694824219,0.968999981880188,20.790000915527344,90.87000274658203,0.9860000014305115,21.149999618530273,90.4800033569336,0.9010000228881836,19.969999313354492,90.70999908447266,0.925000011920929,21.049999237060547,0,0,0
2020-12-07,90.79000091552734,0.9279999732971191,21.299999237060547,91.23999786376953,0.9480000138282776,22.6200008392334,90.62000274658203,0.925000011920929,21.170000076293945,90.80999755859375,0.9480000138282776,22.040000915527344,0,0,0
2020-12-08,90.97000122070312,0.9129999876022339,20.68000030517578,91.0199966430664,0.9279999732971191,22.25,90.75,0.8930000066757202,20.520000457763672,90.9000015258789,0.925000011920929,21.649999618530273,0,0,0
2020-12-09,91.08999633789062,0.9409999847412109,22.270000457763672,91.19999694824219,0.9589999914169312,22.93000030517578,90.69000244140625,0.925000011920929,20.100000381469727,90.91999816894531,0.9430000185966492,20.65999984741211,0,0,0
2020-12-10,90.79000091552734,0.9079999923706055,22.520000457763672,91.1500015258789,0.9409999847412109,23.459999084472656,90.66999816894531,0.9079999923706055,21.530000686645508,91.05999755859375,0.9259999990463257,22.1200008392334,0,0,0
2020-12-11,90.9800033569336,0.8930000066757202,23.309999465942383,91.04000091552734,0.8999999761581421,25.139999389648438,90.62000274658203,0.8730000257492065,22.479999542236328,90.73999786376953,0.8930000066757202,22.489999771118164,0,0,0
2020-12-14,90.70999908447266,0.8920000195503235,24.719999313354492,90.9800033569336,0.9359999895095825,24.81999969482422,90.41999816894531,0.8880000114440918,21.950000762939453,90.9800033569336,0.9300000071525574,22.670000076293945,0,0,0
2020-12-15,90.47000122070312,0.9229999780654907,22.889999389648438,90.81999969482422,0.925000011920929,24.06999969482422,90.41999816894531,0.9010000228881836,22.729999542236328,90.69000244140625,0.9010000228881836,24.0,0,0,0
2020-12-16,90.44999694824219,0.9200000166893005,22.5,90.69999694824219,0.953000009059906,23.670000076293945,90.12999725341797,0.9129999876022339,22.290000915527344,90.48999786376953,0.9430000185966492,22.510000228881836,0,0,0
2020-12-17,89.81999969482422,0.9300000071525574,21.93000030517578,90.2699966430664,0.9449999928474426,22.270000457763672,89.7300033569336,0.8920000195503235,21.520000457763672,90.2699966430664,0.9210000038146973,21.979999542236328,0,0,0
2020-12-18,90.0199966430664,0.9480000138282776,21.56999969482422,90.12999725341797,0.9509999752044678,23.770000457763672,89.83000183105469,0.9200000166893005,21.56999969482422,89.83000183105469,0.9259999990463257,22.149999618530273,0,0,0
2020-12-21,90.04000091552734,0.9409999847412109,25.15999984741211,91.0199966430664,0.9480000138282776,31.459999084472656,89.91999816894531,0.8949999809265137,24.229999542236328,89.91999816894531,0.8999999761581421,24.25,0,0,0
2020-12-22,90.6500015258789,0.9179999828338623,24.229999542236328,90.72000122070312,0.9330000281333923,25.559999465942383,90.05999755859375,0.9160000085830688,23.530000686645508,90.08999633789062,0.9309999942779541,25.239999771118164,0,0,0
2020-12-23,90.41000366210938,0.9549999833106995,23.309999465942383,90.66999816894531,0.9729999899864197,23.68000030517578,90.16000366210938,0.9179999828338623,22.1299991607666,90.5199966430664,0.9200000166893005,23.489999771118164,0,0,0
2020-12-24,90.33000183105469,0.9279999732971191,21.530000686645508,90.37999725341797,0.9409999847412109,22.829999923706055,90.1500015258789,0.9229999780654907,21.389999389648438,90.27999877929688,0.9399999976158142,22.469999313354492,0,0,0
2020-12-28,90.33999633789062,0.9330000281333923,21.700000762939453,90.37999725341797,0.9580000042915344,22.1200008392334,89.9800033569336,0.9309999942779541,21.149999618530273,90.22000122070312,0.953000009059906,22.110000610351562,0,0,0
2020-12-29,90.01000213623047,0.9350000023841858,23.079999923706055,90.2300033569336,0.949999988079071,23.719999313354492,89.8499984741211,0.9279999732971191,20.989999771118164,90.20999908447266,0.949999988079071,21.610000610351562,0,0,0
2020-12-30,89.62999725341797,0.9259999990463257,22.770000457763672,89.9800033569336,0.9449999928474426,23.149999618530273,89.55999755859375,0.925000011920929,22.40999984741211,89.9800033569336,0.9430000185966492,22.579999923706055,0,0,0
2020-12-31,89.94000244140625,0.9169999957084656,22.75,89.9800033569336,0.9369999766349792,23.25,89.5199966430664,0.9120000004768372,21.239999771118164,89.61000061035156,0.9269999861717224,22.989999771118164,0,0,0
2021-01-04,89.87999725341797,0.9169999957084656,26.969999313354492,89.94000244140625,0.953000009059906,29.190000534057617,89.41999816894531,0.9070000052452087,22.559999465942383,89.93000030517578,0.9350000023841858,23.040000915527344,0,0,0
2021-01-05,89.44000244140625,0.9549999833106995,25.34000015258789,89.9000015258789,0.9629999995231628,28.600000381469727,89.43000030517578,0.9269999861717224,24.799999237060547,89.9000015258789,0.9369999766349792,26.940000534057617,0,0,0
2021-01-06,89.52999877929688,1.0420000553131104,25.06999969482422,89.80000305175781,1.0540000200271606,26.770000457763672,89.20999908447266,1.0,22.139999389648438,89.4800033569336,1.0,25.479999542236328,0,0,0
2021-01-07,89.83000183105469,1.0709999799728394,22.3700008392334,89.97000122070312,1.0880000591278076,23.90999984741211,89.31999969482422,1.0540000200271606,22.25,89.31999969482422,1.055999994277954,23.670000076293945,0,0,0
2021-01-08,90.0999984741211,1.1050000190734863,21.559999465942383,90.25,1.1260000467300415,23.34000015258789,89.66000366210938,1.0750000476837158,21.420000076293945,89.83000183105469,1.0880000591278076,22.43000030517578,0,0,0
2021-01-11,90.54000091552734,1.1319999694824219,24.079999923706055,90.7300033569336,1.1380000114440918,24.809999465942383,90.02999877929688,1.100000023841858,23.229999542236328,90.06999969482422,1.1150000095367432,23.309999465942383,0,0,0
2021-01-12,90.05000305175781,1.1380000114440918,23.329999923706055,90.62000274658203,1.187000036239624,25.149999618530273,90.02999877929688,1.13100004196167,22.829999923706055,90.5199966430664,1.1649999618530273,23.489999771118164,0,0,0
2021-01-13,90.31999969482422,1.0880000591278076,22.209999084472656,90.44999694824219,1.1330000162124634,24.18000030517578,89.91999816894531,1.0729999542236328,21.920000076293945,90.0,1.128999948501587,23.06999969482422,0,0,0
2021-01-14,90.23999786376953,1.128999948501587,23.25,90.58000183105469,1.1330000162124634,23.469999313354492,90.08000183105469,1.0870000123977661,21.65999984741211,90.27999877929688,1.1050000190734863,22.219999313354492,0,0,0
2021-01-15,90.77999877929688,1.097000002861023,24.34000015258789,90.80000305175781,1.11899995803833,25.799999237060547,90.22000122070312,1.0850000381469727,23.079999923706055,90.22000122070312,1.1039999723434448,23.520000457763672,0,0,0
2021-01-19,90.5,1.0920000076293945,23.239999771118164,90.76000213623047,1.1180000305175781,23.559999465942383,90.4000015258789,1.0889999866485596,22.530000686645508,90.7300033569336,1.1130000352859497,23.030000686645508,0,0,0
2021-01-20,90.47000122070312,1.090000033378601,21.579999923706055,90.69999694824219,1.1059999465942383,22.860000610351562,90.27999877929688,1.0870000123977661,21.3700008392334,90.41000366210938,1.1059999465942383,22.81999969482422,0,0,0
2021-01-21,90.12999725341797,1.1089999675750732,21.31999969482422,90.44999694824219,1.1230000257492065,22.219999313354492,90.05000305175781,1.0959999561309814,21.09000015258789,90.41999816894531,1.1019999980926514,21.34000015258789,0,0,0
2021-01-22,90.23999786376953,1.090999960899353,21.90999984741211,90.30999755859375,1.1009999513626099,23.729999542236328,90.05000305175781,1.0820000171661377,21.270000457763672,90.05000305175781,1.0870000123977661,22.239999771118164,0,0,0
2021-01-25,90.38999938964844,1.0399999618530273,23.190000534057617,90.5199966430664,1.0700000524520874,26.6299991607666,90.08000183105469,1.034999966621399,22.200000762939453,90.2300033569336,1.0670000314712524,22.309999465942383,0,0,0
2021-01-26,90.16999816894531,1.0399999618530273,23.020000457763672,90.61000061035156,1.0499999523162842,23.940000534057617,90.12000274658203,1.0329999923706055,22.549999237060547,90.38999938964844,1.0479999780654907,23.90999984741211,0,0,0
2021-01-27,90.6500015258789,1.0140000581741333,37.209999084472656,90.87999725341797,1.0230000019073486,37.209999084472656,90.1500015258789,1.0010000467300415,23.709999084472656,90.1500015258789,1.0230000019073486,23.81999969482422,0,0,0
2021-01-28,90.45999908447266,1.0570000410079956,30.209999084472656,90.86000061035156,1.0700000524520874,36.290000915527344,90.41000366210938,1.0080000162124634,27.389999389648438,90.7300033569336,1.0080000162124634,33.25,0,0,0
2021-01-29,90.58000183105469,1.093000054359436,33.09000015258789,90.77999877929688,1.1050000190734863,37.5099983215332,90.36000061035156,1.065999984741211,29.239999771118164,90.55999755859375,1.0839999914169312,35.15999984741211,0,0,0
2021-02-01,91.0199966430664,1.0770000219345093,30.239999771118164,91.05999755859375,1.0880000591278076,33.959999084472656,90.5,1.059999942779541,29.030000686645508,90.52999877929688,1.0789999961853027,31.450000762939453,0,0,0
2021-02-02,91.19999694824219,1.1050000190734863,25.559999465942383,91.29000091552734,1.1169999837875366,28.079999923706055,90.80000305175781,1.0959999561309814,25.309999465942383,91.0,1.1100000143051147,28.010000228881836,0,0,0
2021-02-03,91.12000274658203,1.13100004196167,22.90999984741211,91.30999755859375,1.1319999694824219,25.43000030517578,90.98999786376953,1.1130000352859497,22.90999984741211,91.05000305175781,1.1239999532699585,24.59000015258789,0,0,0
2021-02-04,91.52999877929688,1.1390000581741333,21.770000457763672,91.58000183105469,1.1619999408721924,23.440000534057617,91.08999633789062,1.1360000371932983,21.68000030517578,91.08999633789062,1.1460000276565552,23.440000534057617,0,0,0
2021-02-05,91.04000091552734,1.1699999570846558,20.8700008392334,91.5999984741211,1.187999963760376,22.15999984741211,90.9800033569336,1.1360000371932983,20.860000610351562,91.48999786376953,1.1720000505447388,21.989999771118164,0,0,0
2021-02-08,90.93000030517578,1.159999966621399,21.239999771118164,91.23999786376953,1.1929999589920044,22.06999969482422,90.9000015258789,1.149999976158142,21.229999542236328,91.0,1.190999984741211,21.889999389648438,0,0,0
2021-02-09,90.44000244140625,1.156999945640564,21.6299991607666,90.93000030517578,1.159000039100647,22.260000228881836,90.43000030517578,1.1399999856948853,20.649999618530273,90.91000366210938,1.149999976158142,21.56999969482422,0,0,0
2021-02-10,90.37000274658203,1.1330000162124634,21.989999771118164,90.52999877929688,1.1759999990463257,23.850000381469727,90.25,1.13100004196167,19.690000534057617,90.48999786376953,1.1740000247955322,21.639999389648438,0,0,0
2021-02-11,90.41999816894531,1.1579999923706055,21.25,90.47000122070312,1.1649999618530273,23.25,90.26000213623047,1.1380000114440918,21.110000610351562,90.45999908447266,1.1519999504089355,22.09000015258789,0,0,0
2021-02-12,90.4800033569336,1.2000000476837158,19.969999313354492,90.73999786376953,1.2020000219345093,22.450000762939453,90.37999725341797,1.1779999732971191,19.950000762939453,90.41000366210938,1.1829999685287476,21.600000381469727,0,0,0
2021-02-16,90.51000213623047,1.2990000247955322,21.459999084472656,90.63999938964844,1.3009999990463257,22.459999084472656,90.12000274658203,1.2450000047683716,20.8799991607666,90.29000091552734,1.2450000047683716,21.1299991607666,0,0,0
2021-02-17,90.94999694824219,1.3009999990463257,21.5,91.05999755859375,1.3309999704360962,23.440000534057617,90.62000274658203,1.2690000534057617,21.09000015258789,90.70999908447266,1.3140000104904175,22.020000457763672,0,0,0
2021-02-18,90.58999633789062,1.2869999408721924,22.489999771118164,90.9800033569336,1.3179999589920044,24.229999542236328,90.54000091552734,1.2769999504089355,21.799999237060547,90.9000015258789,1.3009999990463257,21.979999542236328,0,0,0
2021-02-19,90.36000061035156,1.3450000286102295,22.049999237060547,90.6500015258789,1.3619999885559082,23.190000534057617,90.18000030517578,1.3079999685287476,20.84000015258789,90.56999969482422,1.312999963760376,23.100000381469727,0,0,0
2021-02-22,90.01000213623047,1.3700000047683716,23.450000762939453,90.58000183105469,1.3700000047683716,25.09000015258789,90.0,1.3259999752044678,21.959999084472656,90.33999633789062,1.3589999675750732,24.459999084472656,0,0,0
2021-02-23,90.16999816894531,1.3619999885559082,23.110000610351562,90.26000213623047,1.3890000581741333,27.010000228881836,89.94000244140625,1.3420000076293945,22.5,90.0199966430664,1.3589999675750732,22.81999969482422,0,0,0
2021-02-24,90.18000030517578,1.3890000581741333,21.34000015258789,90.43000030517578,1.434999942779541,25.040000915527344,89.9800033569336,1.36899995803833,21.309999465942383,90.0999984741211,1.3960000276565552,23.760000228881836,0,0,0
2021-02-25,90.12999725341797,1.5180000066757202,28.889999389648438,90.29000091552734,1.6139999628067017,31.15999984741211,89.68000030517578,1.4320000410079956,21.520000457763672,90.06999969482422,1.4559999704360962,21.729999542236328,0,0,0
2021-02-26,90.93000030517578,1.4600000381469727,27.950000762939453,90.97000122070312,1.5190000534057617,30.81999969482422,90.12999725341797,1.4390000104904175,25.229999542236328,90.36000061035156,1.4700000286102295,28.729999542236328,0,0,0
2021-03-01,91.04000091552734,1.4459999799728394,23.350000381469727,91.13999938964844,1.4600000381469727,25.389999389648438,90.69000244140625,1.406999945640564,23.170000076293945,90.93000030517578,1.4509999752044678,25.200000762939453,0,0,0
2021-03-02,90.79000091552734,1.4149999618530273,24.100000381469727,91.38999938964844,1.4509999752044678,24.600000381469727,90.7300033569336,1.402999997138977,22.799999237060547,91.02999877929688,1.4459999799728394,23.579999923706055,0,0,0
2021-03-03,90.94999694824219,1.4700000286102295,26.670000076293945,91.05999755859375,1.4980000257492065,26.790000915527344,90.62999725341797,1.4550000429153442,22.450000762939453,90.79000091552734,1.465000033378601,22.799999237060547,0,0,0
2021-03-04,91.62999725341797,1.5499999523162842,28.56999969482422,91.66999816894531,1.5549999475479126,31.899999618530273,90.97000122070312,1.4579999446868896,24.93000030517578,91.01000213623047,1.468999981880188,26.520000457763672,0,0,0
2021-03-05,91.9800033569336,1.5540000200271606,24.65999984741211,92.19000244140625,1.6260000467300415,30.030000686645508,91.62000274658203,1.5399999618530273,24.329999923706055,91.66000366210938,1.5770000219345093,29.479999542236328,0,0,0
2021-03-08,92.30999755859375,1.5959999561309814,25.469999313354492,92.41999816894531,1.6059999465942383,28.389999389648438,91.83999633789062,1.5770000219345093,24.06999969482422,91.98999786376953,1.5920000076293945,27.610000610351562,0,0,0
2021-03-09,91.95999908447266,1.5460000038146973,24.030000686645508,92.5,1.562999963760376,25.25,91.91000366210938,1.527999997138977,22.899999618530273,92.45999908447266,1.5440000295639038,25.110000610351562,0,0,0
2021-03-10,91.79000091552734,1.5199999809265137,22.559999465942383,92.23999786376953,1.562999963760376,23.8700008392334,91.7699966430664,1.50600004196167,22.3799991607666,92.05000305175781,1.5609999895095825,23.760000228881836,0,0,0
2021-03-11,91.41999816894531,1.5269999504089355,21.90999984741211,91.87999725341797,1.5470000505447388,22.5,91.37000274658203,1.496999979019165,21.450000762939453,91.79000091552734,1.496999979019165,22.5,0,0,0
2021-03-12,91.68000030517578,1.6349999904632568,20.690000534057617,91.95999908447266,1.6419999599456787,22.989999771118164,91.4000015258789,1.5839999914169312,20.6299991607666,91.43000030517578,1.590999960899353,22.56999969482422,0,0,0
2021-03-15,91.83000183105469,1.6069999933242798,20.030000686645508,91.97000122070312,1.6269999742507935,21.860000610351562,91.54000091552734,1.5950000286102295,19.8700008392334,91.66000366210938,1.6269999742507935,21.84000015258789,0,0,0
2021-03-16,91.87000274658203,1.621000051498413,19.790000915527344,92.02999877929688,1.628999948501587,20.309999465942383,91.68000030517578,1.5850000381469727,19.329999923706055,91.83000183105469,1.593000054359436,20.139999389648438,0,0,0
2021-03-17,91.4000015258789,1.6410000324249268,19.229999542236328,92.0,1.6890000104904175,20.950000762939453,91.37000274658203,1.6319999694824219,19.18000030517578,91.86000061035156,1.6619999408721924,20.100000381469727,0,0,0
2021-03-18,91.8499984741211,1.7300000190734863,21.579999923706055,91.9000015258789,1.753999948501587,22.600000381469727,91.30000305175781,1.7239999771118164,18.950000762939453,91.4000015258789,1.7300000190734863,18.950000762939453,0,0,0
2021-03-19,91.91999816894531,1.7319999933242798,20.950000762939453,92.16999816894531,1.75,23.170000076293945,91.66000366210938,1.6820000410079956,19.899999618530273,91.83000183105469,1.6890000104904175,21.43000030517578,0,0,0
2021-03-22,91.80000305175781,1.684000015258789,18.8799991607666,92.1500015258789,1.7020000219345093,22.290000915527344,91.70999908447266,1.6749999523162842,18.8700008392334,91.73999786376953,1.6979999542236328,21.90999984741211,0,0,0
2021-03-23,92.33999633789062,1.6380000114440918,20.299999237060547,92.4000015258789,1.6649999618530273,21.579999923706055,91.76000213623047,1.6380000114440918,18.799999237060547,91.80000305175781,1.6490000486373901,19.459999084472656,0,0,0
2021-03-24,92.52999877929688,1.6139999628067017,21.200000762939453,92.61000061035156,1.6510000228881836,21.489999771118164,92.33999633789062,1.6119999885559082,19.299999237060547,92.38999938964844,1.628000020980835,20.639999389648438,0,0,0
2021-03-25,92.87999725341797,1.6139999628067017,19.809999465942383,92.91999816894531,1.6419999599456787,23.549999237060547,92.51000213623047,1.590999960899353,19.809999465942383,92.5999984741211,1.6019999980926514,20.799999237060547,0,0,0
2021-03-26,92.7699966430664,1.659999966621399,18.860000610351562,92.87000274658203,1.6759999990463257,21.489999771118164,92.6500015258789,1.6339999437332153,18.68000030517578,92.80999755859375,1.6720000505447388,19.31999969482422,0,0,0
2021-03-29,92.94000244140625,1.7209999561309814,20.739999771118164,92.95999908447266,1.7280000448226929,21.600000381469727,92.72000122070312,1.6410000324249268,19.420000076293945,92.72000122070312,1.6460000276565552,20.399999618530273,0,0,0
2021-03-30,93.30000305175781,1.7259999513626099,19.610000610351562,93.3499984741211,1.7649999856948853,21.75,92.87999725341797,1.7170000076293945,19.469999313354492,92.91000366210938,1.7510000467300415,20.760000228881836,0,0,0
2021-03-31,93.2300033569336,1.746000051498413,19.399999618530273,93.44000244140625,1.7510000467300415,20.110000610351562,92.98999786376953,1.7079999446868896,18.850000381469727,93.23999786376953,1.718999981880188,19.799999237060547,0,0,0
2021-04-01,92.93000030517578,1.6790000200271606,17.329999923706055,93.33999633789062,1.7070000171661377,18.639999389648438,92.87999725341797,1.6720000505447388,17.290000915527344,93.22000122070312,1.7050000429153442,18.600000381469727,0,0,0
2021-04-05,92.5999984741211,1.7200000286102295,17.90999984741211,93.11000061035156,1.7450000047683716,18.399999618530273,92.54000091552734,1.7039999961853027,17.350000381469727,93.01000213623047,1.7430000305175781,18.15999984741211,0,0,0
2021-04-06,92.33999633789062,1.656000018119812,18.1200008392334,92.79000091552734,1.6950000524520874,18.299999237060547,92.2699966430664,1.652999997138977,17.3700008392334,92.56999969482422,1.6950000524520874,18.06999969482422,0,0,0
2021-04-07,92.45999908447266,1.652999997138977,17.15999984741211,92.5,1.6699999570846558,18.170000076293945,92.13999938964844,1.6349999904632568,16.8700008392334,92.31999969482422,1.659999966621399,17.989999771118164,0,0,0
2021-04-08,92.05999755859375,1.6319999694824219,16.950000762939453,92.4800033569336,1.6619999408721924,17.360000610351562,92.0,1.628000020980835,16.549999237060547,92.41999816894531,1.6619999408721924,16.920000076293945,0,0,0
2021-04-09,92.16000366210938,1.6660000085830688,16.690000534057617,92.41000366210938,1.687000036239624,17.34000015258789,92.02999877929688,1.6369999647140503,16.200000762939453,92.06999969482422,1.6690000295639038,17.049999237060547,0,0,0
2021-04-12,92.13999938964844,1.6749999523162842,16.90999984741211,92.33000183105469,1.684999942779541,17.90999984741211,92.01000213623047,1.6640000343322754,16.809999465942383,92.18000030517578,1.6749999523162842,17.43000030517578,0,0,0
2021-04-13,91.8499984741211,1.6230000257492065,16.649999618530273,92.33000183105469,1.6959999799728394,17.860000610351562,91.79000091552734,1.621999979019165,16.43000030517578,92.08000183105469,1.6799999475479126,16.989999771118164,0,0,0
2021-04-14,91.69000244140625,1.6380000114440918,16.989999771118164,91.83000183105469,1.649999976158142,17.690000534057617,91.56999969482422,1.628999948501587,15.380000114440918,91.83000183105469,1.63100004196167,16.709999084472656,0,0,0
2021-04-15,91.66999816894531,1.5299999713897705,16.56999969482422,91.75,1.6180000305175781,16.920000076293945,91.48999786376953,1.5290000438690186,15.9399995803833,91.62999725341797,1.6109999418258667,16.780000686645508,0,0,0
2021-04-16,91.55999755859375,1.5729999542236328,16.25,91.80999755859375,1.5980000495910645,16.8799991607666,91.48999786376953,1.5640000104904175,16.049999237060547,91.66000366210938,1.5640000104904175,16.649999618530273,0,0,0
2021-04-19,91.06999969482422,1.6009999513626099,17.290000915527344,91.75,1.6150000095367432,18.610000610351562,91.02999877929688,1.5800000429153442,16.780000686645508,91.54000091552734,1.5870000123977661,17.040000915527344,0,0,0
2021-04-20,91.23999786376953,1.562000036239624,18.68000030517578,91.27999877929688,1.6119999885559082,19.700000762939453,90.86000061035156,1.5570000410079956,17.239999771118164,91.05000305175781,1.593999981880188,17.360000610351562,0,0,0
2021-04-21,91.16000366210938,1.5640000104904175,17.5,91.43000030517578,1.5839999914169312,19.290000915527344,91.08999633789062,1.5540000200271606,16.90999984741211,91.20999908447266,1.5679999589920044,18.479999542236328,0,0,0
2021-04-22,91.33000183105469,1.5540000200271606,18.709999084472656,91.41999816894531,1.5870000123977661,19.899999618530273,91.0,1.5429999828338623,16.989999771118164,91.11000061035156,1.5770000219345093,17.280000686645508,0,0,0
2021-04-23,90.86000061035156,1.5670000314712524,17.329999923706055,91.30000305175781,1.5809999704360962,18.780000686645508,90.80999755859375,1.531000018119812,16.799999237060547,91.29000091552734,1.5440000295639038,18.559999465942383,0,0,0
2021-04-26,90.80999755859375,1.5700000524520874,17.639999389648438,90.98999786376953,1.5950000286102295,18.170000076293945,90.68000030517578,1.555999994277954,16.8700008392334,90.83000183105469,1.5950000286102295,17.940000534057617,0,0,0
2021-04-27,90.91000366210938,1.621999979019165,17.559999465942383,91.06999969482422,1.6269999742507935,18.15999984741211,90.80999755859375,1.5700000524520874,16.969999313354492,90.87999725341797,1.5809999704360962,17.6200008392334,0,0,0
2021-04-28,90.61000061035156,1.6200000047683716,17.280000686645508,91.12999725341797,1.659000039100647,17.84000015258789,90.55000305175781,1.6130000352859497,16.670000076293945,90.9000015258789,1.6380000114440918,17.469999313354492,0,0,0
2021-04-29,90.61000061035156,1.6399999856948853,17.610000610351562,90.79000091552734,1.687999963760376,18.8700008392334,90.41999816894531,1.6399999856948853,16.770000457763672,90.55000305175781,1.6649999618530273,16.8799991607666,0,0,0
2021-04-30,91.27999877929688,1.63100004196167,18.610000610351562,91.31999969482422,1.652999997138977,19.25,90.58999633789062,1.621999979019165,17.639999389648438,90.62999725341797,1.6419999599456787,17.670000076293945,0,0,0
2021-05-03,90.94999694824219,1.6069999933242798,18.309999465942383,91.38999938964844,1.6510000228881836,19.1200008392334,90.87000274658203,1.5779999494552612,17.799999237060547,91.30000305175781,1.6510000228881836,18.649999618530273,0,0,0
2021-05-04,91.29000091552734,1.5920000076293945,19.479999542236328,91.4000015258789,1.6030000448226929,21.850000381469727,90.98999786376953,1.5570000410079956,18.110000610351562,91.0,1.6030000448226929,18.15999984741211,0,0,0
2021-05-05,91.30999755859375,1.5839999914169312,19.149999618530273,91.44000244140625,1.6260000467300415,19.579999923706055,91.16999816894531,1.5820000171661377,17.889999389648438,91.27999877929688,1.6069999933242798,18.84000015258789,0,0,0
2021-05-06,90.94999694824219,1.5609999895095825,18.389999389648438,91.37999725341797,1.590999960899353,20.600000381469727,90.87999725341797,1.5570000410079956,18.209999084472656,91.2699966430664,1.5770000219345093,18.40999984741211,0,0,0
2021-05-07,90.2300033569336,1.5770000219345093,16.690000534057617,90.95999908447266,1.5839999914169312,18.56999969482422,90.19000244140625,1.4709999561309814,16.68000030517578,90.87999725341797,1.5700000524520874,18.450000762939453,0,0,0
2021-05-10,90.20999908447266,1.6019999980926514,19.65999984741211,90.33999633789062,1.6069999933242798,19.75,90.04000091552734,1.559999942779541,17.06999969482422,90.2300033569336,1.5770000219345093,17.34000015258789,0,0,0
2021-05-11,90.13999938964844,1.6239999532699585,21.84000015258789,90.36000061035156,1.63100004196167,23.729999542236328,89.9800033569336,1.6019999980926514,20.709999084472656,90.23999786376953,1.6039999723434448,21.170000076293945,0,0,0
2021-05-12,90.70999908447266,1.6950000524520874,27.59000015258789,90.80000305175781,1.6950000524520874,28.3799991607666,90.16000366210938,1.6169999837875366,21.65999984741211,90.19000244140625,1.6169999837875366,22.420000076293945,0,0,0
2021-05-13,90.75,1.6679999828338623,23.1299991607666,90.91000366210938,1.7000000476837158,28.93000030517578,90.58999633789062,1.656999945640564,22.229999542236328,90.75,1.690000057220459,26.030000686645508,0,0,0
2021-05-14,90.31999969482422,1.6349999904632568,18.809999465942383,90.80000305175781,1.6510000228881836,22.100000381469727,90.27999877929688,1.625,18.65999984741211,90.76000213623047,1.6390000581741333,21.770000457763672,0,0,0
2021-05-17,90.22000122070312,1.6399999856948853,19.719999313354492,90.43000030517578,1.6469999551773071,21.579999923706055,90.1500015258789,1.628000020980835,19.670000076293945,90.30000305175781,1.6349999904632568,19.889999389648438,0,0,0
2021-05-18,89.75,1.6419999599456787,21.34000015258789,90.19999694824219,1.656999945640564,21.450000762939453,89.69000244140625,1.628000020980835,18.809999465942383,90.18000030517578,1.6390000581741333,18.889999389648438,0,0,0
2021-05-19,90.19000244140625,1.6829999685287476,22.18000030517578,90.29000091552734,1.6920000314712524,25.959999084472656,89.69000244140625,1.6200000047683716,21.8799991607666,89.77999877929688,1.656000018119812,22.459999084472656,0,0,0
2021-05-20,89.80999755859375,1.6339999437332153,20.670000076293945,90.2300033569336,1.6660000085830688,23.5,89.76000213623047,1.6269999742507935,20.190000534057617,90.20999908447266,1.6640000343322754,22.329999923706055,0,0,0
2021-05-21,90.0199966430664,1.6319999694824219,20.149999618530273,90.1500015258789,1.6390000581741333,20.889999389648438,89.6500015258789,1.6130000352859497,19.530000686645508,89.77999877929688,1.621999979019165,20.420000076293945,0,0,0
2021-05-24,89.83000183105469,1.6080000400543213,18.399999618530273,90.0999984741211,1.621999979019165,20.510000228881836,89.76000213623047,1.5980000495910645,18.3799991607666,90.02999877929688,1.6109999418258667,20.5,0,0,0
2021-05-25,89.63999938964844,1.5640000104904175,18.84000015258789,89.87000274658203,1.600000023841858,19.290000915527344,89.54000091552734,1.562000036239624,16.8700008392334,89.8499984741211,1.590999960899353,18.350000381469727,0,0,0
2021-05-26,90.04000091552734,1.5740000009536743,17.360000610351562,90.11000061035156,1.5829999446868896,18.920000076293945,89.58999633789062,1.5520000457763672,17.350000381469727,89.69000244140625,1.559999942779541,18.3700008392334,0,0,0
2021-05-27,89.97000122070312,1.6100000143051147,16.739999771118164,90.18000030517578,1.625,18.170000076293945,89.88999938964844,1.6050000190734863,16.520000457763672,90.08000183105469,1.6109999418258667,18.030000686645508,0,0,0
2021-05-28,90.02999877929688,1.5809999704360962,16.760000228881836,90.44000244140625,1.6180000305175781,16.860000610351562,89.9800033569336,1.5789999961853027,15.899999618530273,90.02999877929688,1.6100000143051147,16.799999237060547,0,0,0
2021-06-01,89.83000183105469,1.6150000095367432,17.899999618530273,89.94000244140625,1.6390000581741333,18.530000686645508,89.66000366210938,1.6080000400543213,15.680000305175781,89.80999755859375,1.625,17.239999771118164,0,0,0
2021-06-02,89.9000015258789,1.590999960899353,17.479999542236328,90.25,1.6059999465942383,18.309999465942383,89.86000061035156,1.5880000591278076,16.739999771118164,89.91999816894531,1.6050000190734863,17.860000610351562,0,0,0
2021-06-03,90.5,1.625,18.040000915527344,90.55000305175781,1.6299999952316284,19.270000457763672,89.88999938964844,1.5959999561309814,17.450000762939453,89.93000030517578,1.6009999513626099,17.729999542236328,0,0,0
2021-06-04,90.13999938964844,1.559999942779541,16.420000076293945,90.62999725341797,1.6349999904632568,18.420000076293945,90.02999877929688,1.5570000410079956,16.18000030517578,90.47000122070312,1.6269999742507935,18.09000015258789,0,0,0
2021-06-07,89.94999694824219,1.569000005722046,16.420000076293945,90.30000305175781,1.5820000171661377,17.350000381469727,89.91000366210938,1.5640000104904175,15.779999732971191,90.12999725341797,1.5809999704360962,17.34000015258789,0,0,0
2021-06-08,90.08000183105469,1.527999997138977,17.06999969482422,90.18000030517578,1.5360000133514404,17.75,89.95999908447266,1.5130000114440918,15.149999618530273,89.98999786376953,1.5360000133514404,16.579999923706055,0,0,0
2021-06-09,90.12000274658203,1.4889999628067017,17.889999389648438,90.16999816894531,1.5080000162124634,17.959999084472656,89.83999633789062,1.472000002861023,15.550000190734863,90.12999725341797,1.503000020980835,17.18000030517578,0,0,0
2021-06-10,90.08000183105469,1.4589999914169312,16.100000381469727,90.30999755859375,1.5329999923706055,18.290000915527344,89.9800033569336,1.4589999914169312,16.010000228881836,90.13999938964844,1.503000020980835,18.18000030517578,0,0,0
2021-06-11,90.55999755859375,1.4620000123977661,15.649999618530273,90.61000061035156,1.472000002861023,16.200000762939453,89.95999908447266,1.4500000476837158,15.149999618530273,90.06999969482422,1.4520000219345093,16.18000030517578,0,0,0
2021-06-14,90.5199966430664,1.5010000467300415,16.389999389648438,90.5999984741211,1.5019999742507935,17.040000915527344,90.41000366210938,1.4589999914169312,15.039999961853027,90.51000213623047,1.4639999866485596,16.040000915527344,0,0,0
2021-06-15,90.54000091552734,1.4989999532699585,17.020000457763672,90.68000030517578,1.5130000114440918,17.350000381469727,90.3499984741211,1.4859999418258667,16.139999389648438,90.4800033569336,1.49399995803833,16.270000457763672,0,0,0
2021-06-16,91.12999725341797,1.569000005722046,18.149999618530273,91.4000015258789,1.593999981880188,19.110000610351562,90.44000244140625,1.4839999675750732,16.420000076293945,90.54000091552734,1.4889999628067017,16.989999771118164,0,0,0
2021-06-17,91.88999938964844,1.5110000371932983,17.75,92.01000213623047,1.5750000476837158,19.219999313354492,91.30999755859375,1.472000002861023,16.709999084472656,91.43000030517578,1.569000005722046,18.489999771118164,0,0,0
2021-06-18,92.2300033569336,1.4500000476837158,20.700000762939453,92.41000366210938,1.5210000276565552,21.040000915527344,91.80999755859375,1.437999963760376,16.920000076293945,91.87999725341797,1.5069999694824219,16.959999084472656,0,0,0
2021-06-21,91.86000061035156,1.4839999675750732,17.889999389648438,92.37000274658203,1.4919999837875366,21.81999969482422,91.83000183105469,1.4520000219345093,17.809999465942383,92.31999969482422,1.4520000219345093,21.739999771118164,0,0,0
2021-06-22,91.7300033569336,1.472000002861023,16.65999984741211,92.13999938964844,1.5089999437332153,18.31999969482422,91.6500015258789,1.4700000286102295,15.760000228881836,91.87999725341797,1.4950000047683716,17.90999984741211,0,0,0
2021-06-23,91.80000305175781,1.4869999885559082,16.31999969482422,91.9000015258789,1.4989999532699585,16.84000015258789,91.51000213623047,1.465000033378601,14.859999656677246,91.7300033569336,1.468000054359436,16.25,0,0,0
2021-06-24,91.81999969482422,1.4869999885559082,15.970000267028809,91.91000366210938,1.496999979019165,16.049999237060547,91.66000366210938,1.4769999980926514,14.1899995803833,91.80000305175781,1.4839999675750732,15.989999771118164,0,0,0
2021-06-25,91.80999755859375,1.5360000133514404,15.619999885559082,91.87999725341797,1.5449999570846558,16.170000076293945,91.52999877929688,1.4780000448226929,15.210000038146973,91.83000183105469,1.4869999885559082,16.040000915527344,0,0,0
2021-06-28,91.87999725341797,1.4780000448226929,15.760000228881836,92.0199966430664,1.5119999647140503,16.459999084472656,91.69999694824219,1.4709999561309814,15.390000343322754,91.80999755859375,1.5089999437332153,16.06999969482422,0,0,0
2021-06-29,92.05000305175781,1.4800000190734863,16.020000457763672,92.19000244140625,1.5099999904632568,16.309999465942383,91.86000061035156,1.4780000448226929,14.100000381469727,91.87999725341797,1.4919999837875366,15.6899995803833,0,0,0
2021-06-30,92.44000244140625,1.4429999589920044,15.829999923706055,92.44999694824219,1.465999960899353,17.309999465942383,92.0,1.437999963760376,15.579999923706055,92.08000183105469,1.4529999494552612,16.18000030517578,0,0,0
2021-07-01,92.5999984741211,1.4800000190734863,15.479999542236328,92.5999984741211,1.4850000143051147,16.010000228881836,92.26000213623047,1.4539999961853027,15.3100004196167,92.3499984741211,1.4709999561309814,15.619999885559082,0,0,0
2021-07-02,92.2300033569336,1.430999994277954,15.069999694824219,92.73999786376953,1.468000054359436,15.539999961853027,92.18000030517578,1.4259999990463257,14.25,92.56999969482422,1.444000005722046,15.529999732971191,0,0,0
2021-07-06,92.55000305175781,1.3700000047683716,16.440000534057617,92.66000366210938,1.4270000457763672,17.940000534057617,92.0,1.3519999980926514,15.729999542236328,92.23999786376953,1.4240000247955322,15.770000457763672,0,0,0
2021-07-07,92.63999938964844,1.3209999799728394,16.200000762939453,92.8499984741211,1.343000054359436,17.639999389648438,92.43000030517578,1.2960000038146973,16.079999923706055,92.52999877929688,1.3250000476837158,16.43000030517578,0,0,0
2021-07-08,92.36000061035156,1.2879999876022339,19.0,92.79000091552734,1.305999994277954,21.290000915527344,92.23999786376953,1.2680000066757202,17.739999771118164,92.69999694824219,1.281000018119812,17.739999771118164,0,0,0
2021-07-09,92.12999725341797,1.3559999465942383,16.18000030517578,92.54000091552734,1.3600000143051147,18.1299991607666,92.08999633789062,1.3329999446868896,16.079999923706055,92.36000061035156,1.3380000591278076,17.8799991607666,0,0,0
2021-07-12,92.2300033569336,1.3630000352859497,16.170000076293945,92.41999816894531,1.3760000467300415,17.520000457763672,92.08000183105469,1.3380000591278076,16.139999389648438,92.0999984741211,1.343000054359436,16.850000381469727,0,0,0
2021-07-13,92.75,1.4149999618530273,17.1200008392334,92.80999755859375,1.4199999570846558,17.229999542236328,92.13999938964844,1.343000054359436,15.9399995803833,92.2300033569336,1.3509999513626099,16.389999389648438,0,0,0
2021-07-14,92.41000366210938,1.3559999465942383,16.329999923706055,92.83000183105469,1.3860000371932983,17.510000228881836,92.3499984741211,1.3539999723434448,15.949999809265137,92.80000305175781,1.38100004196167,17.34000015258789,0,0,0
2021-07-15,92.62000274658203,1.2970000505447388,17.010000228881836,92.69000244140625,1.3489999771118164,18.09000015258789,92.2699966430664,1.2920000553131104,16.559999465942383,92.4000015258789,1.3289999961853027,16.700000762939453,0,0,0
2021-07-16,92.69000244140625,1.2999999523162842,18.450000762939453,92.76000213623047,1.3359999656677246,18.700000762939453,92.52999877929688,1.2990000247955322,16.030000686645508,92.58999633789062,1.315000057220459,16.799999237060547,0,0,0
2021-07-19,92.88999938964844,1.180999994277954,22.5,93.04000091552734,1.2269999980926514,25.09000015258789,92.63999938964844,1.1759999990463257,19.270000457763672,92.70999908447266,1.2269999980926514,19.610000610351562,0,0,0
2021-07-20,92.97000122070312,1.2089999914169312,19.729999542236328,93.16999816894531,1.2239999771118164,22.969999313354492,92.80000305175781,1.128000020980835,19.3700008392334,92.87999725341797,1.1799999475479126,20.889999389648438,0,0,0
2021-07-21,92.75,1.2799999713897705,17.90999984741211,93.19000244140625,1.3029999732971191,19.81999969482422,92.7300033569336,1.2330000400543213,17.809999465942383,92.97000122070312,1.2430000305175781,19.729999542236328,0,0,0
2021-07-22,92.81999969482422,1.2649999856948853,17.690000534057617,92.91999816894531,1.2949999570846558,18.450000762939453,92.51000213623047,1.2330000400543213,17.399999618530273,92.80000305175781,1.2869999408721924,17.59000015258789,0,0,0
2021-07-23,92.91000366210938,1.2860000133514404,17.200000762939453,93.0199966430664,1.312000036239624,17.479999542236328,92.77999877929688,1.281000018119812,16.329999923706055,92.80999755859375,1.2999999523162842,16.979999542236328,0,0,0
2021-07-26,92.6500015258789,1.2760000228881836,17.579999923706055,92.95999908447266,1.284999966621399,19.389999389648438,92.52999877929688,1.2510000467300415,17.530000686645508,92.91000366210938,1.2549999952316284,18.670000076293945,0,0,0
2021-07-27,92.43000030517578,1.2339999675750732,19.360000610351562,92.83999633789062,1.253999948501587,20.440000534057617,92.31999969482422,1.2289999723434448,18.25,92.62999725341797,1.253000020980835,18.6200008392334,0,0,0
2021-07-28,92.31999969482422,1.2610000371932983,18.309999465942383,92.75,1.277999997138977,19.6200008392334,92.23999786376953,1.246000051498413,17.520000457763672,92.45999908447266,1.2660000324249268,19.40999984741211,0,0,0
2021-07-29,91.86000061035156,1.2690000534057617,17.700000762939453,92.29000091552734,1.284000039100647,18.010000228881836,91.86000061035156,1.24399995803833,17.190000534057617,92.2699966430664,1.2640000581741333,17.90999984741211,0,0,0
2021-07-30,92.16999816894531,1.2389999628067017,18.239999771118164,92.19999694824219,1.2510000467300415,19.719999313354492,91.77999877929688,1.2259999513626099,17.530000686645508,91.8499984741211,1.2359999418258667,19.690000534057617,0,0,0
2021-08-02,92.05000305175781,1.1740000247955322,19.459999084472656,92.16999816894531,1.2309999465942383,19.8700008392334,91.91000366210938,1.1510000228881836,17.989999771118164,92.08999633789062,1.2309999465942383,18.15999984741211,0,0,0
2021-08-03,92.08000183105469,1.1759999990463257,18.040000915527344,92.16000366210938,1.180999994277954,20.440000534057617,91.88999938964844,1.1540000438690186,17.700000762939453,92.05999755859375,1.1770000457763672,19.170000076293945,0,0,0
2021-08-04,92.2699966430664,1.184000015258789,17.969999313354492,92.30999755859375,1.215000033378601,18.899999618530273,91.81999969482422,1.128999948501587,17.670000076293945,92.04000091552734,1.1720000505447388,18.229999542236328,0,0,0
2021-08-05,92.23999786376953,1.2170000076293945,17.280000686645508,92.3499984741211,1.2269999980926514,17.84000015258789,92.12000274658203,1.1790000200271606,17.229999542236328,92.27999877929688,1.1820000410079956,17.729999542236328,0,0,0
2021-08-06,92.80000305175781,1.2899999618530273,16.149999618530273,92.83999633789062,1.2999999523162842,17.5,92.26000213623047,1.246999979019165,16.139999389648438,92.2699966430664,1.2519999742507935,17.459999084472656,0,0,0
2021-08-09,92.94999694824219,1.3170000314712524,16.719999313354492,92.98999786376953,1.3240000009536743,17.389999389648438,92.72000122070312,1.2680000066757202,16.59000015258789,92.77999877929688,1.277999997138977,17.1200008392334,0,0,0
2021-08-10,93.05999755859375,1.3420000076293945,16.790000915527344,93.13999938964844,1.3489999771118164,17.049999237060547,92.94000244140625,1.312000036239624,16.34000015258789,92.9800033569336,1.3200000524520874,16.81999969482422,0,0,0
2021-08-11,92.91000366210938,1.3289999961853027,16.170000076293945,93.19000244140625,1.371000051498413,17.09000015258789,92.80000305175781,1.3020000457763672,16.06999969482422,93.06999969482422,1.3680000305175781,16.809999465942383,0,0,0
2021-08-12,93.04000091552734,1.3669999837875366,15.59000015258789,93.04000091552734,1.378999948501587,16.420000076293945,92.8499984741211,1.3509999513626099,15.489999771118164,92.88999938964844,1.3569999933242798,16.329999923706055,0,0,0
2021-08-13,92.5199966430664,1.2970000505447388,15.449999809265137,93.01000213623047,1.3589999675750732,15.720000267028809,92.47000122070312,1.2929999828338623,15.1899995803833,92.97000122070312,1.3519999980926514,15.680000305175781,0,0,0
2021-08-16,92.62999725341797,1.2569999694824219,16.1200008392334,92.66000366210938,1.281999945640564,17.709999084472656,92.4800033569336,1.225000023841858,16.020000457763672,92.5199966430664,1.2730000019073486,17.049999237060547,0,0,0
2021-08-17,93.12999725341797,1.2580000162124634,17.90999984741211,93.16999816894531,1.2719999551773071,19.559999465942383,92.61000061035156,1.2230000495910645,16.709999084472656,92.62000274658203,1.2269999980926514,17.309999465942383,0,0,0
2021-08-18,93.13999938964844,1.2730000019073486,21.56999969482422,93.26000213623047,1.2990000247955322,21.639999389648438,92.95999908447266,1.2630000114440918,17.309999465942383,93.13999938964844,1.2769999504089355,17.559999465942383,0,0,0
2021-08-19,93.56999969482422,1.2419999837875366,21.670000076293945,93.58000183105469,1.2569999694824219,24.739999771118164,93.13999938964844,1.2319999933242798,20.3700008392334,93.13999938964844,1.2369999885559082,23.1200008392334,0,0,0
2021-08-20,93.5,1.2599999904632568,18.559999465942383,93.7300033569336,1.2669999599456787,23.899999618530273,93.43000030517578,1.2280000448226929,18.18000030517578,93.55999755859375,1.2300000190734863,22.739999771118164,0,0,0
2021-08-23,92.95999908447266,1.2549999952316284,17.149999618530273,93.51000213623047,1.2730000019073486,18.950000762939453,92.94999694824219,1.2519999742507935,16.950000762939453,93.45999908447266,1.2669999599456787,18.829999923706055,0,0,0
2021-08-24,92.88999938964844,1.2899999618530273,17.219999313354492,93.08000183105469,1.2920000553131104,17.510000228881836,92.80999755859375,1.2599999904632568,16.940000534057617,92.98999786376953,1.2630000114440918,16.959999084472656,0,0,0
2021-08-25,92.83000183105469,1.3420000076293945,16.790000915527344,93.12999725341797,1.3509999513626099,17.5,92.80999755859375,1.2899999618530273,16.459999084472656,92.87999725341797,1.3070000410079956,17.420000076293945,0,0,0
2021-08-26,93.05999755859375,1.3420000076293945,18.84000015258789,93.08000183105469,1.375,19.270000457763672,92.80999755859375,1.340999960899353,17.15999984741211,92.83000183105469,1.3609999418258667,17.459999084472656,0,0,0
2021-08-27,92.69000244140625,1.312000036239624,16.389999389648438,93.18000030517578,1.3589999675750732,18.219999313354492,92.62999725341797,1.309999942779541,16.110000610351562,93.02999877929688,1.343999981880188,17.950000762939453,0,0,0
2021-08-30,92.6500015258789,1.284999966621399,16.190000534057617,92.79000091552734,1.312000036239624,16.799999237060547,92.5999984741211,1.284999966621399,15.979999542236328,92.68000030517578,1.309999942779541,16.770000457763672,0,0,0
2021-08-31,92.62999725341797,1.3040000200271606,16.479999542236328,92.75,1.3140000104904175,17.06999969482422,92.4000015258789,1.2699999809265137,15.90999984741211,92.70999908447266,1.2920000553131104,15.979999542236328,0,0,0
2021-09-01,92.44999694824219,1.3020000457763672,16.110000610351562,92.79000091552734,1.3220000267028809,16.709999084472656,92.37999725341797,1.284000039100647,15.680000305175781,92.66000366210938,1.3109999895095825,16.059999465942383,0,0,0
2021-09-02,92.2300033569336,1.2940000295639038,16.40999984741211,92.54000091552734,1.3040000200271606,16.979999542236328,92.20999908447266,1.284999966621399,15.729999542236328,92.51000213623047,1.2869999408721924,16.270000457763672,0,0,0
2021-09-03,92.04000091552734,1.3220000267028809,16.40999984741211,92.26000213623047,1.3359999656677246,17.059999465942383,91.94999694824219,1.2699999809265137,16.079999923706055,92.22000122070312,1.2970000505447388,16.270000457763672,0,0,0
2021-09-07,92.5199966430664,1.3700000047683716,18.139999389648438,92.56999969482422,1.3849999904632568,18.389999389648438,92.0999984741211,1.3580000400543213,16.889999389648438,92.19999694824219,1.3660000562667847,16.940000534057617,0,0,0
2021-09-08,92.6500015258789,1.3339999914169312,17.959999084472656,92.86000061035156,1.3630000352859497,19.639999389648438,92.47000122070312,1.3270000219345093,17.780000686645508,92.54000091552734,1.3480000495910645,18.969999313354492,0,0,0
2021-09-09,92.4800033569336,1.2990000247955322,18.799999237060547,92.76000213623047,1.3459999561309814,19.540000915527344,92.37999725341797,1.2869999408721924,17.170000076293945,92.70999908447266,1.3380000591278076,19.440000534057617,0,0,0
2021-09-10,92.58000183105469,1.340999960899353,20.950000762939453,92.6500015258789,1.3550000190734863,21.1299991607666,92.33000183105469,1.3170000314712524,16.989999771118164,92.52999877929688,1.319000005722046,17.940000534057617,0,0,0
2021-09-13,92.62000274658203,1.3240000009536743,19.3700008392334,92.88999938964844,1.3380000591278076,21.18000030517578,92.56999969482422,1.315999984741211,18.760000228881836,92.61000061035156,1.3380000591278076,19.639999389648438,0,0,0
2021-09-14,92.6500015258789,1.2769999504089355,19.459999084472656,92.68000030517578,1.350000023841858,20.469999313354492,92.31999969482422,1.2649999856948853,18.389999389648438,92.62000274658203,1.3459999561309814,19.579999923706055,0,0,0
2021-09-15,92.48999786376953,1.3040000200271606,18.18000030517578,92.68000030517578,1.319000005722046,20.270000457763672,92.41999816894531,1.2599999904632568,18.010000228881836,92.68000030517578,1.2740000486373901,19.299999237060547,0,0,0
2021-09-16,92.86000061035156,1.3309999704360962,18.690000534057617,92.95999908447266,1.3509999513626099,19.760000228881836,92.45999908447266,1.309000015258789,17.649999618530273,92.45999908447266,1.312000036239624,18.40999984741211,0,0,0
2021-09-17,93.19999694824219,1.3700000047683716,20.809999465942383,93.25,1.3860000371932983,21.510000228881836,92.7699966430664,1.3359999656677246,18.350000381469727,92.87999725341797,1.340000033378601,18.3700008392334,0,0,0
2021-09-20,93.23999786376953,1.309000015258789,25.709999084472656,93.44999694824219,1.3380000591278076,28.790000915527344,93.19000244140625,1.2970000505447388,23.899999618530273,93.25,1.309000015258789,24.25,0,0,0
2021-09-21,93.19999694824219,1.3240000009536743,24.360000610351562,93.29000091552734,1.3259999752044678,25.600000381469727,93.05000305175781,1.305999994277954,21.709999084472656,93.23999786376953,1.3240000009536743,23.40999984741211,0,0,0
2021-09-22,93.45999908447266,1.3359999656677246,20.8700008392334,93.51000213623047,1.3380000591278076,23.399999618530273,92.98999786376953,1.2970000505447388,20.75,93.2300033569336,1.3359999656677246,22.719999313354492,0,0,0
2021-09-23,93.0999984741211,1.409999966621399,18.6299991607666,93.5199966430664,1.4110000133514404,20.209999084472656,92.9800033569336,1.3359999656677246,18.420000076293945,93.4800033569336,1.3380000591278076,19.90999984741211,0,0,0
2021-09-24,93.33000183105469,1.4600000381469727,17.75,93.41999816894531,1.465999960899353,20.40999984741211,93.05000305175781,1.4220000505447388,17.6299991607666,93.06999969482422,1.4229999780654907,19.329999923706055,0,0,0
2021-09-27,93.37999725341797,1.4839999675750732,18.760000228881836,93.48999786376953,1.5169999599456787,19.31999969482422,93.20999908447266,1.4700000286102295,17.739999771118164,93.27999877929688,1.496000051498413,17.780000686645508,0,0,0
2021-09-28,93.7699966430664,1.534000039100647,23.25,93.80999755859375,1.5670000314712524,24.81999969482422,93.36000061035156,1.5149999856948853,19.709999084472656,93.41000366210938,1.5369999408721924,19.739999771118164,0,0,0
2021-09-29,94.33999633789062,1.5410000085830688,22.559999465942383,94.43000030517578,1.5529999732971191,23.790000915527344,93.66999816894531,1.4980000257492065,21.450000762939453,93.72000122070312,1.5169999599456787,22.06999969482422,0,0,0
2021-09-30,94.25,1.5290000438690186,23.139999389648438,94.5,1.5549999475479126,24.709999084472656,94.11000061035156,1.5119999647140503,20.600000381469727,94.3499984741211,1.5379999876022339,21.479999542236328,0,0,0
2021-10-01,94.04000091552734,1.4789999723434448,21.100000381469727,94.38999938964844,1.5049999952316284,24.889999389648438,93.98999786376953,1.4739999771118164,20.850000381469727,94.30999755859375,1.496000051498413,24.780000686645508,0,0,0
2021-10-04,93.80999755859375,1.4809999465942383,22.959999084472656,94.0999984741211,1.5080000162124634,24.579999923706055,93.68000030517578,1.4630000591278076,21.8799991607666,94.06999969482422,1.4859999418258667,22.899999618530273,0,0,0
2021-10-05,93.9800033569336,1.5290000438690186,21.299999237060547,94.06999969482422,1.5379999876022339,23.170000076293945,93.80999755859375,1.4889999628067017,20.6200008392334,93.83000183105469,1.4910000562667847,22.920000076293945,0,0,0
2021-10-06,94.2699966430664,1.5240000486373901,21.0,94.44999694824219,1.5429999828338623,24.399999618530273,93.9800033569336,1.5089999437332153,20.989999771118164,93.98999786376953,1.5429999828338623,22.950000762939453,0,0,0
2021-10-07,94.22000122070312,1.5709999799728394,19.540000915527344,94.27999877929688,1.5729999542236328,20.760000228881836,94.08000183105469,1.5290000438690186,19.06999969482422,94.2300033569336,1.5290000438690186,20.540000915527344,0,0,0
2021-10-08,94.06999969482422,1.6050000190734863,18.770000457763672,94.33999633789062,1.6169999837875366,19.940000534057617,93.94000244140625,1.5579999685287476,18.200000762939453,94.20999908447266,1.5750000476837158,19.459999084472656,0,0,0
2021-10-11,94.31999969482422,1.6139999628067017,20.0,94.4000015258789,1.6139999628067017,20.450000762939453,94.02999877929688,1.6139999628067017,18.110000610351562,94.0999984741211,1.6139999628067017,19.93000030517578,0,0,0
2021-10-12,94.5199966430664,1.5800000429153442,19.850000381469727,94.55999755859375,1.6150000095367432,20.809999465942383,94.2300033569336,1.5770000219345093,18.969999313354492,94.37000274658203,1.600000023841858,20.6200008392334,0,0,0
2021-10-13,94.08000183105469,1.5490000247955322,18.639999389648438,94.52999877929688,1.600000023841858,20.229999542236328,94.01000213623047,1.5260000228881836,18.440000534057617,94.5199966430664,1.565000057220459,20.139999389648438,0,0,0
2021-10-14,93.95999908447266,1.5190000534057617,16.860000610351562,94.08999633789062,1.5460000038146973,18.079999923706055,93.76000213623047,1.5069999694824219,16.799999237060547,94.0199966430664,1.5369999408721924,18.010000228881836,0,0,0
2021-10-15,93.94000244140625,1.5759999752044678,16.299999237060547,94.06999969482422,1.5770000219345093,16.850000381469727,93.8499984741211,1.5390000343322754,15.720000267028809,94.02999877929688,1.5420000553131104,16.639999389648438,0,0,0
2021-10-18,93.94999694824219,1.5839999914169312,16.309999465942383,94.16999816894531,1.6269999742507935,17.93000030517578,93.87000274658203,1.5770000219345093,16.270000457763672,93.94999694824219,1.5989999771118164,17.290000915527344,0,0,0
2021-10-19,93.79000091552734,1.6349999904632568,15.699999809265137,93.94999694824219,1.6360000371932983,16.309999465942383,93.5,1.593000054359436,15.569999694824219,93.94999694824219,1.593000054359436,16.09000015258789,0,0,0
2021-10-20,93.55999755859375,1.6360000371932983,15.489999771118164,93.87999725341797,1.652999997138977,15.890000343322754,93.54000091552734,1.6200000047683716,15.289999961853027,93.80999755859375,1.6230000257492065,15.819999694824219,0,0,0
2021-10-21,93.7699966430664,1.6759999990463257,15.010000228881836,93.79000091552734,1.6829999685287476,16.110000610351562,93.5,1.6449999809265137,14.920000076293945,93.58000183105469,1.6749999523162842,16.059999465942383,0,0,0
2021-10-22,93.61000061035156,1.6549999713897705,15.430000305175781,93.79000091552734,1.690999984741211,16.389999389648438,93.54000091552734,1.6360000371932983,14.84000015258789,93.75,1.687000036239624,15.350000381469727,0,0,0
2021-10-25,93.80999755859375,1.6349999904632568,15.239999771118164,93.95999908447266,1.6729999780654907,16.329999923706055,93.4800033569336,1.6200000047683716,15.100000381469727,93.66000366210938,1.6540000438690186,16.139999389648438,0,0,0
2021-10-26,93.94999694824219,1.61899995803833,15.979999542236328,94.0199966430664,1.6540000438690186,16.709999084472656,93.70999908447266,1.6169999837875366,14.899999618530273,93.83999633789062,1.6180000305175781,15.020000457763672,0,0,0
2021-10-27,93.86000061035156,1.5290000438690186,16.979999542236328,94.01000213623047,1.5989999771118164,17.290000915527344,93.69000244140625,1.5199999809265137,15.539999961853027,93.97000122070312,1.5829999446868896,15.789999961853027,0,0,0
2021-10-28,93.3499984741211,1.5679999589920044,16.530000686645508,93.97000122070312,1.5820000171661377,17.15999984741211,93.27999877929688,1.5299999713897705,16.229999542236328,93.87999725341797,1.5410000085830688,17.059999465942383,0,0,0
2021-10-29,94.12000274658203,1.5570000410079956,16.260000228881836,94.30000305175781,1.61899995803833,18.059999465942383,93.31999969482422,1.5540000200271606,16.1299991607666,93.36000061035156,1.6050000190734863,17.399999618530273,0,0,0
2021-11-01,93.87999725341797,1.5750000476837158,16.40999984741211,94.30999755859375,1.6050000190734863,17.700000762939453,93.86000061035156,1.5609999895095825,16.31999969482422,94.12999725341797,1.5870000123977661,16.850000381469727,0,0,0
2021-11-02,94.08999633789062,1.5490000247955322,16.030000686645508,94.12999725341797,1.5700000524520874,16.649999618530273,93.81999969482422,1.527999997138977,15.890000343322754,93.93000030517578,1.555999994277954,16.540000915527344,0,0,0
2021-11-03,93.86000061035156,1.5789999961853027,15.100000381469727,94.20999908447266,1.6019999980926514,16.389999389648438,93.81999969482422,1.5299999713897705,14.899999618530273,94.12000274658203,1.534999966621399,16.110000610351562,0,0,0
2021-11-04,94.3499984741211,1.5240000486373901,15.4399995803833,94.47000122070312,1.5789999961853027,16.139999389648438,93.83000183105469,1.5089999437332153,14.729999542236328,93.86000061035156,1.5679999589920044,15.0600004196167,0,0,0
2021-11-05,94.31999969482422,1.4529999494552612,16.479999542236328,94.62000274658203,1.5470000505447388,17.020000457763672,94.19000244140625,1.4500000476837158,14.949999809265137,94.33999633789062,1.5260000228881836,15.59000015258789,0,0,0
2021-11-08,94.05000305175781,1.496999979019165,17.219999313354492,94.37999725341797,1.503999948501587,17.690000534057617,93.98999786376953,1.4600000381469727,16.440000534057617,94.25,1.4830000400543213,17.229999542236328,0,0,0
2021-11-09,93.95999908447266,1.4320000410079956,17.780000686645508,94.1500015258789,1.468999981880188,18.56999969482422,93.87999725341797,1.4149999618530273,17.209999084472656,94.08999633789062,1.4639999866485596,17.43000030517578,0,0,0
2021-11-10,94.8499984741211,1.559999942779541,18.729999542236328,94.9000015258789,1.5920000076293945,19.899999618530273,93.97000122070312,1.4639999866485596,17.219999313354492,93.9800033569336,1.4730000495910645,17.739999771118164,0,0,0
2021-11-11,95.18000030517578,1.559999942779541,17.65999984741211,95.19999694824219,1.559999942779541,18.389999389648438,94.83999633789062,1.559999942779541,17.270000457763672,94.83999633789062,1.559999942779541,18.34000015258789,0,0,0
2021-11-12,95.12999725341797,1.5820000171661377,16.290000915527344,95.2699966430664,1.5889999866485596,17.690000534057617,95.0,1.5410000085830688,16.149999618530273,95.18000030517578,1.5720000267028809,17.489999771118164,0,0,0
2021-11-15,95.41000366210938,1.6230000257492065,16.489999771118164,95.5999984741211,1.625,17.459999084472656,94.97000122070312,1.5490000247955322,16.489999771118164,95.12000274658203,1.5529999732971191,17.030000686645508,0,0,0
2021-11-16,95.91999816894531,1.6339999437332153,16.3700008392334,95.9800033569336,1.6369999647140503,17.079999923706055,95.4000015258789,1.5989999771118164,16.030000686645508,95.47000122070312,1.6009999513626099,16.860000610351562,0,0,0
2021-11-17,95.83000183105469,1.6039999723434448,17.110000610351562,96.23999786376953,1.6460000276565552,17.190000534057617,95.7300033569336,1.5989999771118164,16.280000686645508,95.94000244140625,1.6410000324249268,16.360000610351562,0,0,0
2021-11-18,95.54000091552734,1.5889999866485596,17.59000015258789,95.83999633789062,1.6130000352859497,18.149999618530273,95.5199966430664,1.5770000219345093,16.3799991607666,95.80000305175781,1.5959999561309814,16.809999465942383,0,0,0
2021-11-19,96.06999969482422,1.5360000133514404,17.90999984741211,96.23999786376953,1.5570000410079956,19.010000228881836,95.58000183105469,1.5210000276565552,17.229999542236328,95.58999633789062,1.5290000438690186,17.360000610351562,0,0,0
2021-11-22,96.5,1.625,19.170000076293945,96.55000305175781,1.6269999742507935,19.59000015258789,96.04000091552734,1.5700000524520874,17.350000381469727,96.06999969482422,1.5750000476837158,18.200000762939453,0,0,0
2021-11-23,96.48999786376953,1.6670000553131104,19.3799991607666,96.61000061035156,1.6690000295639038,20.90999984741211,96.30999755859375,1.6390000581741333,19.030000686645508,96.45999908447266,1.6549999713897705,20.239999771118164,0,0,0
2021-11-24,96.83999633789062,1.6449999809265137,18.579999923706055,96.94000244140625,1.6929999589920044,20.959999084472656,96.44000244140625,1.6390000581741333,18.520000457763672,96.52999877929688,1.6649999618530273,19.170000076293945,0,0,0
2021-11-26,96.08999633789062,1.4819999933242798,28.6200008392334,96.7699966430664,1.5429999828338623,28.989999771118164,95.75,1.4730000495910645,23.8799991607666,96.72000122070312,1.5379999876022339,26.6200008392334,0,0,0
2021-11-29,96.33999633789062,1.5299999713897705,22.959999084472656,96.44999694824219,1.565000057220459,25.690000534057617,96.13999938964844,1.5110000371932983,21.709999084472656,96.13999938964844,1.5470000505447388,25.309999465942383,0,0,0
2021-11-30,95.98999786376953,1.4429999589920044,27.190000534057617,96.63999938964844,1.5,28.559999465942383,95.5199966430664,1.4119999408721924,23.709999084472656,96.22000122070312,1.444000005722046,26.229999542236328,0,0,0
2021-12-01,96.05000305175781,1.434000015258789,31.1200008392334,96.13999938964844,1.496999979019165,32.61000061035156,95.66999816894531,1.430999994277954,22.3799991607666,95.94000244140625,1.4819999933242798,24.920000076293945,0,0,0
2021-12-02,96.12999725341797,1.4479999542236328,27.950000762939453,96.18000030517578,1.465000033378601,30.68000030517578,95.83000183105469,1.409000039100647,27.149999618530273,96.06999969482422,1.4220000505447388,29.440000534057617,0,0,0
2021-12-03,96.12000274658203,1.343000054359436,30.670000076293945,96.44999694824219,1.4700000286102295,35.31999969482422,95.97000122070312,1.343000054359436,25.889999389648438,96.12000274658203,1.4240000247955322,26.950000762939453,0,0,0
2021-12-06,96.29000091552734,1.434000015258789,27.18000030517578,96.43000030517578,1.440999984741211,30.81999969482422,96.12999725341797,1.3700000047683716,26.75,96.1500015258789,1.3899999856948853,28.989999771118164,0,0,0
2021-12-07,96.37000274658203,1.4800000190734863,21.889999389648438,96.58999633789062,1.4819999933242798,24.690000534057617,96.16999816894531,1.4390000104904175,21.579999923706055,96.30000305175781,1.4529999494552612,24.579999923706055,0,0,0
2021-12-08,95.88999938964844,1.5089999437332153,19.899999618530273,96.37999725341797,1.5369999408721924,23.110000610351562,95.8499984741211,1.4889999628067017,19.850000381469727,96.26000213623047,1.4900000095367432,21.739999771118164,0,0,0
2021-12-09,96.2699966430664,1.4869999885559082,21.579999923706055,96.33999633789062,1.5080000162124634,22.1200008392334,95.95999908447266,1.472000002861023,19.940000534057617,95.95999908447266,1.4839999675750732,20.309999465942383,0,0,0
2021-12-10,96.05000305175781,1.4889999628067017,18.690000534057617,96.43000030517578,1.5199999809265137,21.299999237060547,95.9800033569336,1.4509999752044678,18.690000534057617,96.22000122070312,1.5089999437332153,21.270000457763672,0,0,0
2021-12-13,96.31999969482422,1.4240000247955322,20.309999465942383,96.44999694824219,1.472000002861023,21.18000030517578,96.05000305175781,1.4140000343322754,18.959999084472656,96.05000305175781,1.468000054359436,19.290000915527344,0,0,0
2021-12-14,96.56999969482422,1.437999963760376,21.889999389648438,96.58999633789062,1.472000002861023,23.0,96.0999984741211,1.4210000038146973,19.670000076293945,96.3499984741211,1.4390000104904175,19.670000076293945,0,0,0
2021-12-15,96.51000213623047,1.4630000591278076,19.290000915527344,96.91000366210938,1.4839999675750732,23.469999313354492,96.30000305175781,1.4359999895095825,19.020000457763672,96.55000305175781,1.4459999799728394,21.600000381469727,0,0,0
2021-12-16,96.04000091552734,1.4220000505447388,20.56999969482422,96.44999694824219,1.4789999723434448,22.1299991607666,95.8499984741211,1.4160000085830688,18.190000534057617,96.43000030517578,1.472000002861023,18.559999465942383,0,0,0
2021-12-17,96.56999969482422,1.4019999504089355,21.56999969482422,96.69000244140625,1.4119999408721924,23.260000228881836,95.87999725341797,1.371999979019165,20.489999771118164,96.0,1.3949999809265137,20.700000762939453,0,0,0
2021-12-20,96.55000305175781,1.4190000295639038,22.8700008392334,96.69000244140625,1.4210000038146973,27.389999389648438,96.33999633789062,1.375,22.850000381469727,96.66999816894531,1.3869999647140503,25.889999389648438,0,0,0
2021-12-21,96.48999786376953,1.4869999885559082,21.010000228881836,96.63999938964844,1.4980000257492065,22.68000030517578,96.33999633789062,1.4479999542236328,20.899999618530273,96.54000091552734,1.4500000476837158,22.280000686645508,0,0,0
2021-12-22,96.08000183105469,1.4570000171661377,18.6299991607666,96.5999984741211,1.4809999465942383,21.360000610351562,96.0199966430664,1.4479999542236328,18.59000015258789,96.47000122070312,1.4769999980926514,21.040000915527344,0,0,0
2021-12-23,96.0199966430664,1.4930000305175781,17.959999084472656,96.27999877929688,1.5010000467300415,18.93000030517578,95.98999786376953,1.4579999446868896,17.6200008392334,96.02999877929688,1.4759999513626099,18.809999465942383,0,0,0
2021-12-27,96.08999633789062,1.4809999465942383,17.68000030517578,96.26000213623047,1.49399995803833,19.40999984741211,96.05000305175781,1.4759999513626099,17.549999237060547,96.1500015258789,1.4889999628067017,19.3700008392334,0,0,0
2021-12-28,96.19999694824219,1.4809999465942383,17.540000915527344,96.27999877929688,1.4889999628067017,18.469999313354492,96.0,1.4550000429153442,17.510000228881836,96.06999969482422,1.4859999418258667,17.780000686645508,0,0,0
2021-12-29,95.93000030517578,1.5429999828338623,16.950000762939453,96.4000015258789,1.5579999685287476,18.0,95.76000213623047,1.5049999952316284,16.709999084472656,96.1500015258789,1.5049999952316284,17.6299991607666,0,0,0
2021-12-30,95.97000122070312,1.5149999856948853,17.329999923706055,96.22000122070312,1.5499999523162842,17.790000915527344,95.86000061035156,1.5130000114440918,16.6200008392334,95.88999938964844,1.531000018119812,17.299999237060547,0,0,0
2021-12-31,95.66999816894531,1.5119999647140503,17.219999313354492,96.11000061035156,1.5219999551773071,18.270000457763672,95.56999969482422,1.4910000562667847,16.989999771118164,95.98999786376953,1.5049999952316284,17.6299991607666,0,0,0
2022-01-03,96.23999786376953,1.628000020980835,16.600000381469727,96.33000183105469,1.6349999904632568,18.540000915527344,95.62999725341797,1.5329999923706055,16.559999465942383,95.66999816894531,1.534000039100647,17.600000381469727,0,0,0
2022-01-04,96.29000091552734,1.6679999828338623,16.90999984741211,96.45999908447266,1.6859999895095825,17.809999465942383,96.02999877929688,1.6540000438690186,16.34000015258789,96.19000244140625,1.6629999876022339,16.56999969482422,0,0,0
2022-01-05,96.19000244140625,1.7050000429153442,19.729999542236328,96.33000183105469,1.7100000381469727,20.170000076293945,95.88999938964844,1.6469999551773071,16.579999923706055,96.30999755859375,1.659999966621399,17.06999969482422,0,0,0
2022-01-06,96.25,1.7330000400543213,19.610000610351562,96.38999938964844,1.74399995803833,21.059999465942383,96.04000091552734,1.7209999561309814,19.079999923706055,96.19999694824219,1.7330000400543213,20.290000915527344,0,0,0
2022-01-07,95.73999786376953,1.7710000276565552,18.760000228881836,96.30000305175781,1.8009999990463257,20.799999237060547,95.70999908447266,1.7269999980926514,18.56999969482422,96.26000213623047,1.7389999628067017,19.850000381469727,0,0,0
2022-01-10,95.98999786376953,1.7799999713897705,19.399999618530273,96.2300033569336,1.8079999685287476,23.329999923706055,95.73999786376953,1.7669999599456787,19.290000915527344,95.73999786376953,1.774999976158142,19.579999923706055,0,0,0
2022-01-11,95.62000274658203,1.746000051498413,18.40999984741211,96.06999969482422,1.784999966621399,21.0,95.58000183105469,1.7450000047683716,18.200000762939453,95.93000030517578,1.7599999904632568,19.6200008392334,0,0,0
2022-01-12,95.0,1.725000023841858,17.6200008392334,95.69000244140625,1.746000051498413,18.690000534057617,94.91000366210938,1.7109999656677246,17.360000610351562,95.58000183105469,1.7319999933242798,18.170000076293945,0,0,0
2022-01-13,94.79000091552734,1.7109999656677246,20.309999465942383,95.0199966430664,1.746000051498413,20.610000610351562,94.66000366210938,1.7079999446868896,17.450000762939453,94.98999786376953,1.7380000352859497,18.059999465942383,0,0,0
2022-01-14,95.16999816894531,1.7719999551773071,19.190000534057617,95.2699966430664,1.774999976158142,22.06999969482422,94.62999725341797,1.7059999704360962,19.049999237060547,94.87000274658203,1.7259999513626099,20.110000610351562,0,0,0
2022-01-18,95.7300033569336,1.8650000095367432,22.790000915527344,95.83000183105469,1.8660000562667847,23.200000762939453,95.12999725341797,1.812999963760376,21.18000030517578,95.22000122070312,1.8270000219345093,21.18000030517578,0,0,0
2022-01-19,95.51000213623047,1.8270000219345093,23.850000381469727,95.79000091552734,1.8739999532699585,23.989999771118164,95.48999786376953,1.8220000267028809,21.850000381469727,95.7699966430664,1.8580000400543213,23.1200008392334,0,0,0
2022-01-20,95.73999786376953,1.8329999446868896,25.59000015258789,95.86000061035156,1.8450000286102295,25.889999389648438,95.41999816894531,1.8200000524520874,21.68000030517578,95.58999633789062,1.8289999961853027,23.459999084472656,0,0,0
2022-01-21,95.63999938964844,1.746999979019165,28.850000381469727,95.83999633789062,1.784999966621399,29.790000915527344,95.5,1.7330000400543213,25.309999465942383,95.80999755859375,1.7719999551773071,25.3799991607666,0,0,0
2022-01-24,95.91999816894531,1.7350000143051147,29.899999618530273,96.12999725341797,1.7369999885559082,38.939998626708984,95.62999725341797,1.7070000171661377,28.020000457763672,95.63999938964844,1.7319999933242798,28.200000762939453,0,0,0
2022-01-25,95.94999694824219,1.7829999923706055,31.15999984741211,96.2699966430664,1.7869999408721924,35.849998474121094,95.9000015258789,1.7300000190734863,29.1299991607666,95.93000030517578,1.7740000486373901,32.290000915527344,0,0,0
2022-01-26,96.48999786376953,1.8480000495910645,31.959999084472656,96.54000091552734,1.8569999933242798,33.040000915527344,95.91000366210938,1.7710000276565552,26.899999618530273,95.95999908447266,1.784999966621399,29.350000381469727,0,0,0
2022-01-27,97.26000213623047,1.8070000410079956,30.489999771118164,97.29000091552734,1.8420000076293945,33.0,96.52999877929688,1.781999945640564,28.420000076293945,96.55000305175781,1.8300000429153442,32.189998626708984,0,0,0
2022-01-28,97.2699966430664,1.781999945640564,27.65999984741211,97.44000244140625,1.8480000495910645,32.81999969482422,97.05999755859375,1.7769999504089355,27.280000686645508,97.25,1.8339999914169312,30.270000457763672,0,0,0
2022-01-31,96.54000091552734,1.781999945640564,24.829999923706055,97.30000305175781,1.815999984741211,29.40999984741211,96.5199966430664,1.7730000019073486,24.709999084472656,97.22000122070312,1.8029999732971191,28.360000610351562,0,0,0
2022-02-01,96.38999938964844,1.7999999523162842,21.959999084472656,96.72000122070312,1.8200000524520874,25.329999923706055,96.23999786376953,1.75,21.959999084472656,96.69999694824219,1.75,24.56999969482422,0,0,0
2022-02-02,95.94000244140625,1.7660000324249268,22.09000015258789,96.30000305175781,1.8109999895095825,22.729999542236328,95.80999755859375,1.7430000305175781,20.459999084472656,96.2699966430664,1.7769999504089355,21.559999465942383,0,0,0
2022-02-03,95.37999725341797,1.8270000219345093,24.350000381469727,96.25,1.847000002861023,25.809999465942383,95.23999786376953,1.7970000505447388,22.299999237060547,96.0199966430664,1.7979999780654907,22.6299991607666,0,0,0
2022-02-04,95.4800033569336,1.9299999475479126,23.219999313354492,95.69999694824219,1.9359999895095825,26.260000228881836,95.13999938964844,1.809999942779541,22.06999969482422,95.30999755859375,1.812999963760376,23.770000457763672,0,0,0
2022-02-07,95.4000015258789,1.9160000085830688,22.860000610351562,95.62999725341797,1.9390000104904175,24.81999969482422,95.3499984741211,1.909999966621399,22.020000457763672,95.4800033569336,1.9210000038146973,24.09000015258789,0,0,0
2022-02-08,95.63999938964844,1.9539999961853027,21.440000534057617,95.75,1.9709999561309814,23.479999542236328,95.4000015258789,1.9429999589920044,21.31999969482422,95.43000030517578,1.9429999589920044,23.09000015258789,0,0,0
2022-02-09,95.48999786376953,1.9290000200271606,19.959999084472656,95.66999816894531,1.9470000267028809,21.299999237060547,95.37999725341797,1.909000039100647,19.93000030517578,95.58999633789062,1.9359999895095825,21.270000457763672,0,0,0
2022-02-10,95.55000305175781,2.0309998989105225,23.90999984741211,96.0,2.049999952316284,24.770000457763672,95.16999816894531,1.9270000457763672,20.18000030517578,95.56999969482422,1.9290000200271606,20.3700008392334,0,0,0
2022-02-11,96.08000183105469,1.9550000429153442,27.360000610351562,96.11000061035156,2.062999963760376,30.989999771118164,95.63999938964844,1.934000015258789,23.329999923706055,95.94000244140625,2.006999969482422,24.389999389648438,0,0,0
2022-02-14,96.37000274658203,1.996000051498413,28.329999923706055,96.44000244140625,2.0260000228881836,32.040000915527344,95.91000366210938,1.9550000429153442,28.329999923706055,96.02999877929688,1.9630000591278076,29.170000076293945,0,0,0
2022-02-15,95.98999786376953,2.0450000762939453,25.700000762939453,96.29000091552734,2.055999994277954,28.09000015258789,95.95999908447266,2.0239999294281006,25.329999923706055,96.23999786376953,2.0329999923706055,28.09000015258789,0,0,0
2022-02-16,95.69999694824219,2.046999931335449,24.290000915527344,96.05999755859375,2.065000057220459,27.09000015258789,95.68000030517578,2.006999969482422,23.8799991607666,96.01000213623047,2.0350000858306885,25.190000534057617,0,0,0
2022-02-17,95.80000305175781,1.972000002861023,28.110000610351562,96.11000061035156,2.0139999389648438,28.3700008392334,95.70999908447266,1.9529999494552612,24.760000228881836,95.7699966430664,2.002000093460083,24.829999923706055,0,0,0
2022-02-18,96.04000091552734,1.9320000410079956,27.75,96.16999816894531,1.9600000381469727,29.709999084472656,95.7300033569336,1.9179999828338623,26.3799991607666,95.83000183105469,1.9600000381469727,26.65999984741211,0,0,0
2022-02-22,96.02999877929688,1.9479999542236328,28.809999465942383,96.26000213623047,1.9600000381469727,32.040000915527344,95.83999633789062,1.9199999570846558,28.399999618530273,96.08000183105469,1.944000005722046,31.799999237060547,0,0,0
2022-02-23,96.19000244140625,1.9769999980926514,31.020000457763672,96.23999786376953,2.0,31.06999969482422,95.8499984741211,1.9550000429153442,27.200000762939453,96.04000091552734,1.9809999465942383,28.040000915527344,0,0,0
2022-02-24,97.13999938964844,1.968999981880188,30.31999969482422,97.73999786376953,1.968999981880188,37.790000915527344,96.22000122070312,1.8559999465942383,29.450000762939453,96.22000122070312,1.8819999694824219,37.5,0,0,0
2022-02-25,96.62000274658203,1.9859999418258667,27.59000015258789,97.22000122070312,2.010999917984009,32.0,96.5199966430664,1.9630000591278076,26.93000030517578,97.0,1.9980000257492065,31.68000030517578,0,0,0
2022-02-28,96.70999908447266,1.8389999866485596,30.149999618530273,97.41999816894531,1.9199999570846558,33.5099983215332,96.54000091552734,1.8389999866485596,28.43000030517578,96.54000091552734,1.9170000553131104,32.439998626708984,0,0,0
2022-03-01,97.41000366210938,1.7070000171661377,33.31999969482422,97.58000183105469,1.7940000295639038,35.189998626708984,96.62999725341797,1.6820000410079956,29.440000534057617,96.7699966430664,1.7339999675750732,29.450000762939453,0,0,0
2022-03-02,97.38999938964844,1.8650000095367432,30.739999771118164,97.83000183105469,1.8680000305175781,34.40999984741211,97.29000091552734,1.7599999904632568,30.1200008392334,97.37000274658203,1.7769999504089355,34.20000076293945,0,0,0
2022-03-03,97.79000091552734,1.843999981880188,30.479999542236328,97.94999694824219,1.8969999551773071,32.0099983215332,97.43000030517578,1.8300000429153442,29.309999465942383,97.47000122070312,1.847000002861023,30.520000457763672,0,0,0
2022-03-04,98.6500015258789,1.7239999771118164,31.979999542236328,98.91999816894531,1.815999984741211,34.650001525878906,97.83999633789062,1.7000000476837158,31.469999313354492,98.04000091552734,1.7940000295639038,31.899999618530273,0,0,0
2022-03-07,99.29000091552734,1.7510000467300415,36.45000076293945,99.41999816894531,1.805999994277954,36.54999923706055,98.56999969482422,1.718999981880188,32.59000015258789,98.56999969482422,1.7730000019073486,35.880001068115234,0,0,0
2022-03-08,99.05999755859375,1.871999979019165,35.130001068115234,99.31999969482422,1.8769999742507935,37.52000045776367,98.70999908447266,1.8350000381469727,32.779998779296875,99.23999786376953,1.8509999513626099,36.189998626708984,0,0,0
2022-03-09,97.97000122070312,1.9479999542236328,32.45000076293945,99.12000274658203,1.9500000476837158,34.119998931884766,97.8499984741211,1.8919999599456787,31.389999389648438,99.12000274658203,1.9110000133514404,33.7400016784668,0,0,0
2022-03-10,98.51000213623047,2.010999917984009,30.229999542236328,98.5999984741211,2.0209999084472656,34.029998779296875,97.70999908447266,1.9459999799728394,30.229999542236328,98.05999755859375,1.9739999771118164,33.029998779296875,0,0,0
2022-03-11,99.12000274658203,2.003999948501587,30.75,99.16000366210938,2.0199999809265137,31.040000915527344,98.2699966430664,1.9759999513626099,28.84000015258789,98.36000061035156,2.010999917984009,30.43000030517578,0,0,0
2022-03-14,99.05999755859375,2.140000104904175,31.770000457763672,99.29000091552734,2.140000104904175,33.18000030517578,98.68000030517578,2.069000005722046,30.059999465942383,99.12999725341797,2.078000068664551,31.030000686645508,0,0,0
2022-03-15,99.06999969482422,2.1600000858306885,29.829999923706055,99.19999694824219,2.1619999408721924,33.83000183105469,98.63999938964844,2.078000068664551,29.56999969482422,99.12999725341797,2.11899995803833,33.130001068115234,0,0,0
2022-03-16,98.37999725341797,2.187999963760376,26.670000076293945,99.08000183105469,2.246000051498413,29.799999237060547,98.30000305175781,2.1489999294281006,26.290000915527344,98.88999938964844,2.1689999103546143,29.020000457763672,0,0,0
2022-03-17,98.01000213623047,2.191999912261963,25.670000076293945,98.51000213623047,2.194000005722046,27.469999313354492,97.7300033569336,2.134999990463257,25.25,98.5,2.1419999599456787,26.510000228881836,0,0,0
2022-03-18,98.2300033569336,2.1480000019073486,23.8700008392334,98.62000274658203,2.177999973297119,26.81999969482422,97.83999633789062,2.13700008392334,23.850000381469727,98.0,2.1510000228881836,26.360000610351562,0,0,0
2022-03-21,98.5,2.315000057220459,23.530000686645508,98.52999877929688,2.315000057220459,25.360000610351562,98.16000366210938,2.2070000171661377,22.989999771118164,98.23999786376953,2.2070000171661377,25.139999389648438,0,0,0
2022-03-22,98.48999786376953,2.372999906539917,22.940000534057617,98.97000122070312,2.390000104904175,24.020000457763672,98.31999969482422,2.3329999446868896,22.700000762939453,98.48999786376953,2.3550000190734863,24.020000457763672,0,0,0
2022-03-23,98.62000274658203,2.321000099182129,23.56999969482422,98.87999725341797,2.3949999809265137,24.030000686645508,98.38999938964844,2.2990000247955322,22.639999389648438,98.4800033569336,2.374000072479248,23.040000915527344,0,0,0
2022-03-24,98.79000091552734,2.3410000801086426,21.670000076293945,98.95999908447266,2.385999917984009,23.790000915527344,98.5999984741211,2.3259999752044678,21.489999771118164,98.63999938964844,2.368000030517578,23.610000610351562,0,0,0
2022-03-25,98.80999755859375,2.492000102996826,20.809999465942383,98.83000183105469,2.503000020980835,22.860000610351562,98.4000015258789,2.3540000915527344,20.799999237060547,98.75,2.3589999675750732,21.8700008392334,0,0,0
2022-03-28,99.08999633789062,2.4769999980926514,19.6299991607666,99.37000274658203,2.4809999465942383,23.329999923706055,98.80000305175781,2.4140000343322754,19.540000915527344,98.80999755859375,2.4639999866485596,22.139999389648438,0,0,0
2022-03-29,98.4000015258789,2.4000000953674316,18.899999618530273,99.30000305175781,2.496000051498413,19.729999542236328,98.04000091552734,2.380000114440918,18.670000076293945,99.08000183105469,2.496000051498413,19.700000762939453,0,0,0
2022-03-30,97.79000091552734,2.3580000400543213,19.329999923706055,98.43000030517578,2.434999942779541,20.510000228881836,97.69000244140625,2.3450000286102295,18.719999313354492,98.37000274658203,2.4019999504089355,19.3799991607666,0,0,0
2022-03-31,98.30999755859375,2.3269999027252197,20.559999465942383,98.4000015258789,2.3510000705718994,21.479999542236328,97.69000244140625,2.311000108718872,19.540000915527344,97.83000183105469,2.322000026702881,19.68000030517578,0,0,0
2022-04-01,98.62999725341797,2.377000093460083,19.6299991607666,98.73999786376953,2.4560000896453857,20.860000610351562,98.30999755859375,2.3570001125335693,19.40999984741211,98.33999633789062,2.4040000438690186,20.6200008392334,0,0,0
2022-04-04,98.98999786376953,2.4119999408721924,18.56999969482422,99.08000183105469,2.434000015258789,20.780000686645508,98.5199966430664,2.371000051498413,18.450000762939453,98.56999969482422,2.4040000438690186,20.75,0,0,0
2022-04-05,99.47000122070312,2.555999994277954,21.030000686645508,99.5199966430664,2.566999912261963,21.56999969482422,98.83999633789062,2.447000026702881,18.549999237060547,99.0,2.4800000190734863,18.790000915527344,0,0,0
2022-04-06,99.5999984741211,2.6089999675750732,22.100000381469727,99.7699966430664,2.6410000324249268,24.780000686645508,99.30999755859375,2.568000078201294,21.239999771118164,99.47000122070312,2.628000020980835,21.270000457763672,0,0,0
2022-04-07,99.75,2.6519999504089355,21.549999237060547,99.83000183105469,2.6730000972747803,23.81999969482422,99.4000015258789,2.6089999675750732,21.1200008392334,99.6500015258789,2.630000114440918,21.969999313354492,0,0,0
2022-04-08,99.80000305175781,2.7130000591278076,21.15999984741211,100.19000244140625,2.7279999256134033,22.34000015258789,99.73999786376953,2.6679999828338623,20.280000686645508,99.81999969482422,2.688999891281128,21.25,0,0,0
2022-04-11,99.93000030517578,2.7799999713897705,24.3700008392334,100.05000305175781,2.7920000553131104,24.420000076293945,99.62000274658203,2.7339999675750732,22.09000015258789,99.83999633789062,2.7690000534057617,23.09000015258789,0,0,0
2022-04-12,100.29000091552734,2.7249999046325684,24.260000228881836,100.33000183105469,2.7709999084472656,25.3799991607666,99.73999786376953,2.6740000247955322,22.270000457763672,100.04000091552734,2.760999917984009,24.940000534057617,0,0,0
2022-04-13,99.87999725341797,2.687000036239624,21.81999969482422,100.5199966430664,2.760999917984009,24.450000762939453,99.83000183105469,2.6459999084472656,21.3700008392334,100.33999633789062,2.746000051498413,23.520000457763672,0,0,0
2022-04-14,100.31999969482422,2.828000068664551,22.700000762939453,100.76000213623047,2.8350000381469727,22.700000762939453,99.56999969482422,2.6670000553131104,20.850000381469727,99.79000091552734,2.6670000553131104,21.719999313354492,0,0,0
2022-04-18,100.77999877929688,2.861999988555908,22.170000076293945,100.86000061035156,2.868000030517578,24.600000381469727,100.45999908447266,2.809999942779541,21.979999542236328,100.5,2.861999988555908,24.520000457763672,0,0,0
2022-04-19,100.95999908447266,2.9130001068115234,21.3700008392334,101.02999877929688,2.930000066757202,22.920000076293945,100.69999694824219,2.880000114440918,20.360000610351562,100.83000183105469,2.880000114440918,22.549999237060547,0,0,0
2022-04-20,100.38999938964844,2.8399999141693115,20.31999969482422,101.04000091552734,2.9030001163482666,21.31999969482422,100.22000122070312,2.819000005722046,19.75,100.9800033569336,2.880000114440918,21.1299991607666,0,0,0
2022-04-21,100.58000183105469,2.9170000553131104,22.68000030517578,100.63999938964844,2.9539999961853027,23.280000686645508,99.81999969482422,2.8459999561309814,19.809999465942383,100.3499984741211,2.8540000915527344,20.239999771118164,0,0,0
2022-04-22,101.22000122070312,2.9059998989105225,28.209999084472656,101.33000183105469,2.937999963760376,28.270000457763672,100.47000122070312,2.864000082015991,22.6200008392334,100.62000274658203,2.934000015258789,22.709999084472656,0,0,0
2022-04-25,101.75,2.8259999752044678,27.020000457763672,101.86000061035156,2.8429999351501465,31.600000381469727,101.04000091552734,2.759999990463257,26.799999237060547,101.12000274658203,2.8369998931884766,30.040000915527344,0,0,0
2022-04-26,102.30000305175781,2.7720000743865967,33.52000045776367,102.36000061035156,2.7820000648498535,33.810001373291016,101.51000213623047,2.7239999771118164,27.059999465942383,101.7300033569336,2.760999917984009,27.3799991607666,0,0,0
2022-04-27,102.94999694824219,2.818000078201294,31.600000381469727,103.27999877929688,2.819999933242798,32.77000045776367,102.22000122070312,2.7300000190734863,29.81999969482422,102.27999877929688,2.753000020980835,31.110000610351562,0,0,0
2022-04-28,103.62000274658203,2.86299991607666,29.989999771118164,103.93000030517578,2.888000011444092,32.0,102.9800033569336,2.8359999656677246,28.0,103.04000091552734,2.867000102996826,29.90999984741211,0,0,0
2022-04-29,102.95999908447266,2.88700008392334,33.400001525878906,103.66999816894531,2.934000015258789,34.34000015258789,102.81999969482422,2.8540000915527344,28.540000915527344,103.66999816894531,2.8540000915527344,28.969999313354492,0,0,0
2022-05-02,103.73999786376953,2.996000051498413,32.34000015258789,103.75,3.002000093460083,36.63999938964844,103.11000061035156,2.9070000648498535,31.739999771118164,103.20999908447266,2.921999931335449,33.349998474121094,0,0,0
2022-05-03,103.47000122070312,2.9600000381469727,29.25,103.66999816894531,2.9690001010894775,32.81999969482422,103.02999877929688,2.9130001068115234,29.059999465942383,103.5999984741211,2.9579999446868896,31.760000228881836,0,0,0
2022-05-04,102.58999633789062,2.9170000553131104,25.420000076293945,103.62000274658203,3.010999917984009,29.420000076293945,102.45999908447266,2.9110000133514404,24.940000534057617,103.45999908447266,2.9619998931884766,29.1200008392334,0,0,0
2022-05-05,103.75,3.065999984741211,31.200000762939453,103.94000244140625,3.1080000400543213,33.20000076293945,102.3499984741211,2.927000045776367,25.780000686645508,102.68000030517578,2.934999942779541,25.969999313354492,0,0,0
2022-05-06,103.66000366210938,3.122999906539917,30.190000534057617,104.05999755859375,3.13100004196167,35.34000015258789,103.19000244140625,3.0429999828338623,29.829999923706055,103.55999755859375,3.0789999961853027,32.22999954223633,0,0,0
2022-05-09,103.6500015258789,3.0789999961853027,34.75,104.19000244140625,3.1670000553131104,35.47999954223633,103.38999938964844,3.069000005722046,31.899999618530273,103.66000366210938,3.1630001068115234,31.899999618530273,0,0,0
2022-05-10,103.91999816894531,2.993000030517578,32.9900016784668,103.9800033569336,3.005000114440918,34.84000015258789,103.5,2.941999912261963,32.2400016784668,103.7300033569336,2.990999937057495,33.65999984741211,0,0,0
2022-05-11,103.8499984741211,2.9210000038146973,32.560001373291016,104.11000061035156,3.0759999752044678,34.38999938964844,103.37000274658203,2.9070000648498535,30.690000534057617,103.9000015258789,2.9539999961853027,32.869998931884766,0,0,0
2022-05-12,104.8499984741211,2.816999912261963,31.770000457763672,104.93000030517578,2.880000114440918,34.7599983215332,103.87999725341797,2.816999912261963,31.700000762939453,104.01000213623047,2.8410000801086426,33.7400016784668,0,0,0
2022-05-13,104.55999755859375,2.934999942779541,28.8700008392334,105.01000213623047,2.941999912261963,31.200000762939453,104.47000122070312,2.888000011444092,28.780000686645508,104.7699966430664,2.9110000133514404,31.09000015258789,0,0,0
2022-05-16,104.19000244140625,2.877000093460083,27.469999313354492,104.63999938964844,2.933000087738037,30.229999542236328,104.13999938964844,2.8529999256134033,27.360000610351562,104.47000122070312,2.928999900817871,30.010000228881836,0,0,0
2022-05-17,103.36000061035156,2.9679999351501465,26.100000381469727,104.2300033569336,2.9839999675750732,27.170000076293945,103.2300033569336,2.9089999198913574,25.510000228881836,104.16999816894531,2.9089999198913574,27.06999969482422,0,0,0
2022-05-18,103.80999755859375,2.885999917984009,30.959999084472656,103.93000030517578,3.0139999389648438,31.489999771118164,103.19000244140625,2.878999948501587,26.209999084472656,103.33999633789062,2.994999885559082,26.739999771118164,0,0,0
2022-05-19,102.72000122070312,2.8550000190734863,29.350000381469727,103.87999725341797,2.8589999675750732,33.11000061035156,102.66000366210938,2.7720000743865967,29.059999465942383,103.83000183105469,2.8259999752044678,31.239999771118164,0,0,0
2022-05-20,103.1500015258789,2.7869999408721924,29.43000030517578,103.26000213623047,2.8610000610351562,32.90999984741211,102.7699966430664,2.7739999294281006,28.059999465942383,102.9000015258789,2.8510000705718994,28.780000686645508,0,0,0
2022-05-23,102.08000183105469,2.8589999675750732,28.479999542236328,103.05000305175781,2.868000030517578,30.389999389648438,102.04000091552734,2.8010001182556152,28.290000915527344,103.02999877929688,2.8320000171661377,28.979999542236328,0,0,0
2022-05-24,101.86000061035156,2.759999990463257,29.450000762939453,102.31999969482422,2.828000068664551,31.06999969482422,101.6500015258789,2.7179999351501465,29.040000915527344,102.11000061035156,2.813999891281128,29.43000030517578,0,0,0
2022-05-25,102.05999755859375,2.749000072479248,28.3700008392334,102.44999694824219,2.7699999809265137,30.229999542236328,101.7300033569336,2.7079999446868896,28.15999984741211,101.7699966430664,2.7360000610351562,29.329999923706055,0,0,0
2022-05-26,101.83000183105469,2.75600004196167,27.5,102.2699966430664,2.7950000762939453,28.459999084472656,101.73999786376953,2.7290000915527344,27.110000610351562,102.0199966430664,2.743000030517578,28.420000076293945,0,0,0
2022-05-27,101.66999816894531,2.743000030517578,25.719999313354492,101.94000244140625,2.752000093460083,27.540000915527344,101.43000030517578,2.7090001106262207,25.56999969482422,101.72000122070312,2.7239999771118164,27.5,0,0,0
2022-05-31,101.75,2.8440001010894775,26.190000534057617,102.16999816894531,2.877000093460083,28.350000381469727,101.41000366210938,2.828000068664551,25.940000534057617,101.44000244140625,2.8299999237060547,27.469999313354492,0,0,0
2022-06-01,102.55000305175781,2.930999994277954,25.690000534057617,102.7300033569336,2.9519999027252197,27.729999542236328,101.73999786376953,2.8329999446868896,25.3799991607666,101.76000213623047,2.871000051498413,26.049999237060547,0,0,0
2022-06-02,101.7699966430664,2.9130001068115234,24.719999313354492,102.62000274658203,2.941999912261963,26.5,101.73999786376953,2.8889999389648438,24.329999923706055,102.55000305175781,2.9100000858306885,25.729999542236328,0,0,0
2022-06-03,102.13999938964844,2.9570000171661377,24.790000915527344,102.2300033569336,2.9860000610351562,25.959999084472656,101.63999938964844,2.9189999103546143,24.760000228881836,101.75,2.9200000762939453,24.90999984741211,0,0,0
2022-06-06,102.44000244140625,3.0380001068115234,25.06999969482422,102.47000122070312,3.0399999618530273,25.809999465942383,101.8499984741211,2.9609999656677246,24.81999969482422,102.16999816894531,2.9700000286102295,25.3700008392334,0,0,0
2022-06-07,102.31999969482422,2.9719998836517334,24.020000457763672,102.83999633789062,3.0290000438690186,26.239999771118164,102.26000213623047,2.9570000171661377,23.8799991607666,102.48999786376953,3.0290000438690186,25.540000915527344,0,0,0
2022-06-08,102.54000091552734,3.0290000438690186,23.959999084472656,102.77999877929688,3.0399999618530273,24.780000686645508,102.2699966430664,2.98799991607666,23.739999771118164,102.38999938964844,3.009000062942505,24.3700008392334,0,0,0
2022-06-09,103.22000122070312,3.0439999103546143,26.09000015258789,103.37000274658203,3.072999954223633,26.239999771118164,102.1500015258789,3.0199999809265137,23.81999969482422,102.55999755859375,3.052999973297119,24.290000915527344,0,0,0
2022-06-10,104.1500015258789,3.1559998989105225,27.75,104.2300033569336,3.177999973297119,29.6299991607666,103.05000305175781,2.99399995803833,26.049999237060547,103.33999633789062,3.0399999618530273,26.260000228881836,0,0,0
2022-06-13,105.08000183105469,3.365999937057495,34.02000045776367,105.29000091552734,3.365999937057495,35.04999923706055,104.20999908447266,3.246000051498413,31.290000915527344,104.20999908447266,3.2820000648498535,31.3700008392334,0,0,0
2022-06-14,105.5199966430664,3.4830000400543213,32.689998626708984,105.6500015258789,3.4830000400543213,34.0,104.62000274658203,3.302999973297119,32.060001373291016,105.19000244140625,3.3489999771118164,33.0099983215332,0,0,0
2022-06-15,105.16000366210938,3.3949999809265137,29.6200008392334,105.79000091552734,3.447999954223633,32.77000045776367,104.66000366210938,3.3540000915527344,27.760000228881836,105.3499984741211,3.382999897003174,32.38999938964844,0,0,0
2022-06-16,103.62999725341797,3.306999921798706,32.95000076293945,105.48999786376953,3.450000047683716,34.81999969482422,103.41999816894531,3.306999921798706,30.350000381469727,104.9000015258789,3.438999891281128,30.350000381469727,0,0,0
2022-06-17,104.69999694824219,3.239000082015991,31.1299991607666,105.08999633789062,3.312999963760376,33.310001373291016,103.83000183105469,3.197000026702881,30.469999313354492,103.87999725341797,3.2119998931884766,32.84000015258789,0,0,0
2022-06-21,104.44000244140625,3.306999921798706,30.190000534057617,104.54000091552734,3.316999912261963,30.649999618530273,103.94000244140625,3.257999897003174,29.329999923706055,104.44000244140625,3.2829999923706055,30.6299991607666,0,0,0
2022-06-22,104.19999694824219,3.1559998989105225,28.950000762939453,104.94999694824219,3.2049999237060547,31.56999969482422,103.86000061035156,3.125999927520752,28.780000686645508,104.43000030517578,3.2009999752044678,31.450000762939453,0,0,0
2022-06-23,104.43000030517578,3.068000078201294,29.049999237060547,104.7699966430664,3.124000072479248,29.770000457763672,104.05999755859375,3.005000114440918,28.739999771118164,104.20999908447266,3.117000102996826,29.290000915527344,0,0,0
2022-06-24,104.19000244140625,3.125,27.229999542236328,104.51000213623047,3.1410000324249268,29.719999313354492,103.94999694824219,3.056999921798706,26.829999923706055,104.37999725341797,3.117000102996826,29.06999969482422,0,0,0
2022-06-27,103.94000244140625,3.194000005722046,26.950000762939453,104.20999908447266,3.2190001010894775,28.65999984741211,103.66999816894531,3.1530001163482666,26.93000030517578,104.12000274658203,3.183000087738037,28.299999237060547,0,0,0
2022-06-28,104.51000213623047,3.2060000896453857,28.360000610351562,104.61000061035156,3.253000020980835,28.68000030517578,103.7699966430664,3.184999942779541,26.469999313354492,103.97000122070312,3.240000009536743,26.899999618530273,0,0,0
2022-06-29,105.11000061035156,3.0929999351501465,28.15999984741211,105.1500015258789,3.187000036239624,29.360000610351562,104.36000061035156,3.0929999351501465,27.850000381469727,104.45999908447266,3.1489999294281006,28.799999237060547,0,0,0
2022-06-30,104.69000244140625,2.9719998836517334,28.709999084472656,105.54000091552734,3.0409998893737793,30.219999313354492,104.6500015258789,2.9719998836517334,28.280000686645508,105.05999755859375,3.0350000858306885,29.420000076293945,0,0,0
2022-07-01,105.13999938964844,2.8889999389648438,26.700000762939453,105.63999938964844,2.931999921798706,29.59000015258789,104.73999786376953,2.7909998893737793,26.690000534057617,104.77999877929688,2.931999921798706,29.530000686645508,0,0,0
2022-07-05,106.5,2.809000015258789,27.540000915527344,106.79000091552734,2.871000051498413,29.81999969482422,105.05000305175781,2.7799999713897705,27.299999237060547,105.13999938964844,2.871000051498413,27.3700008392334,0,0,0
2022-07-06,107.0999984741211,2.9130001068115234,26.729999542236328,107.26000213623047,2.9240000247955322,28.06999969482422,106.36000061035156,2.746000051498413,26.43000030517578,106.48999786376953,2.7839999198913574,27.84000015258789,0,0,0
2022-07-07,107.12999725341797,3.007999897003174,26.079999923706055,107.23999786376953,3.0169999599456787,26.790000915527344,106.70999908447266,2.927999973297119,25.65999984741211,107.06999969482422,2.937000036239624,26.729999542236328,0,0,0
2022-07-08,107.01000213623047,3.1010000705718994,24.639999389648438,107.79000091552734,3.1010000705718994,26.610000610351562,106.80999755859375,2.9760000705718994,24.43000030517578,107.04000091552734,2.9839999675750732,26.40999984741211,0,0,0
2022-07-11,108.0199966430664,2.990999937057495,26.170000076293945,108.2699966430664,3.0490000247955322,26.739999771118164,106.91999816894531,2.9690001010894775,25.790000915527344,106.91999816894531,3.0490000247955322,26.420000076293945,0,0,0
2022-07-12,108.06999969482422,2.9579999446868896,27.290000915527344,108.55999755859375,2.9709999561309814,27.75,107.83999633789062,2.8989999294281006,25.81999969482422,108.18000030517578,2.9230000972747803,27.139999389648438,0,0,0
2022-07-13,107.95999908447266,2.9040000438690186,26.81999969482422,108.58000183105469,3.071000099182129,29.059999465942383,107.4800033569336,2.9000000953674316,26.229999542236328,108.19000244140625,2.9560000896453857,27.350000381469727,0,0,0
2022-07-14,108.54000091552734,2.9600000381469727,26.399999618530273,109.29000091552734,3.0280001163482666,28.450000762939453,108.19999694824219,2.943000078201294,26.200000762939453,108.19999694824219,2.943000078201294,27.469999313354492,0,0,0
2022-07-15,108.05999755859375,2.930000066757202,24.229999542236328,108.70999908447266,2.9709999561309814,26.719999313354492,107.91000366210938,2.9010000228881836,24.1299991607666,108.66999816894531,2.937000036239624,26.719999313354492,0,0,0
2022-07-18,107.37000274658203,2.9600000381469727,25.299999237060547,108.04000091552734,3.0190000534057617,25.90999984741211,106.88999938964844,2.9560000896453857,24.3799991607666,107.9800033569336,2.9600000381469727,24.829999923706055,0,0,0
2022-07-19,106.68000030517578,3.0190000534057617,24.5,107.62999725341797,3.0380001068115234,25.40999984741211,106.4000015258789,2.9709999561309814,24.229999542236328,107.48999786376953,2.9860000610351562,25.1200008392334,0,0,0
2022-07-20,107.08000183105469,3.0360000133514404,23.8799991607666,107.26000213623047,3.0420000553131104,24.729999542236328,106.38999938964844,2.943000078201294,23.399999618530273,106.66999816894531,2.9730000495910645,24.229999542236328,0,0,0
2022-07-21,106.91000366210938,2.9100000858306885,23.110000610351562,107.31999969482422,3.0810000896453857,24.670000076293945,106.41999816894531,2.9100000858306885,22.920000076293945,107.08999633789062,3.0769999027252197,24.06999969482422,0,0,0
2022-07-22,106.7300033569336,2.7829999923706055,23.030000686645508,107.36000061035156,2.822999954223633,23.809999465942383,106.11000061035156,2.7320001125335693,22.40999984741211,106.58999633789062,2.809000015258789,23.299999237060547,0,0,0
2022-07-25,106.4800033569336,2.819999933242798,23.360000610351562,106.87999725341797,2.8450000286102295,24.56999969482422,106.19000244140625,2.8010001182556152,23.190000534057617,106.55000305175781,2.813999891281128,24.329999923706055,0,0,0
2022-07-26,107.19000244140625,2.7869999408721924,24.690000534057617,107.27999877929688,2.7960000038146973,25.309999465942383,106.19999694824219,2.7070000171661377,23.81999969482422,106.44999694824219,2.7360000610351562,23.950000762939453,0,0,0
2022-07-27,106.44999694824219,2.7339999675750732,23.239999771118164,107.43000030517578,2.802999973297119,24.40999984741211,106.26000213623047,2.7230000495910645,23.020000457763672,107.12999725341797,2.7829999923706055,24.270000457763672,0,0,0
2022-07-28,106.3499984741211,2.680999994277954,22.329999923706055,106.9800033569336,2.7899999618530273,23.540000915527344,106.05999755859375,2.6489999294281006,22.219999313354492,106.37000274658203,2.7690000534057617,23.329999923706055,0,0,0
2022-07-29,105.9000015258789,2.6419999599456787,21.329999923706055,106.66000366210938,2.7279999256134033,22.15999984741211,105.54000091552734,2.618000030517578,21.209999084472656,106.20999908447266,2.7070000171661377,22.1299991607666,0,0,0
2022-08-01,105.44999694824219,2.6059999465942383,22.84000015258789,106.02999877929688,2.696000099182129,23.270000457763672,105.23999786376953,2.5840001106262207,22.260000228881836,105.83000183105469,2.6579999923706055,22.40999984741211,0,0,0
2022-08-02,106.23999786376953,2.740999937057495,23.93000030517578,106.33999633789062,2.753999948501587,24.68000030517578,105.05000305175781,2.5250000953674316,22.670000076293945,105.36000061035156,2.556999921798706,24.079999923706055,0,0,0
2022-08-03,106.51000213623047,2.747999906539917,21.950000762939453,106.81999969482422,2.8489999771118164,23.920000076293945,105.97000122070312,2.746000051498413,21.68000030517578,106.43000030517578,2.7829999923706055,23.860000610351562,0,0,0
2022-08-04,105.69000244140625,2.6760001182556152,21.440000534057617,106.51000213623047,2.7209999561309814,22.65999984741211,105.66999816894531,2.6559998989105225,21.440000534057617,106.4800033569336,2.683000087738037,22.059999465942383,0,0,0
2022-08-05,106.62000274658203,2.8399999141693115,21.149999618530273,106.93000030517578,2.86899995803833,22.579999923706055,105.69000244140625,2.687999963760376,20.760000228881836,105.72000122070312,2.697000026702881,21.5,0,0,0
2022-08-08,106.44000244140625,2.765000104904175,21.290000915527344,106.80000305175781,2.806999921798706,22.010000228881836,106.08999633789062,2.760999917984009,20.829999923706055,106.58000183105469,2.7920000553131104,21.739999771118164,0,0,0
2022-08-09,106.37000274658203,2.796999931335449,21.770000457763672,106.41000366210938,2.813999891281128,22.229999542236328,105.97000122070312,2.7739999294281006,21.40999984741211,106.33999633789062,2.812000036239624,21.40999984741211,0,0,0
2022-08-10,105.19999694824219,2.7860000133514404,19.739999771118164,106.4000015258789,2.818000078201294,22.34000015258789,104.63999938964844,2.6740000247955322,19.540000915527344,106.33999633789062,2.812000036239624,22.280000686645508,0,0,0
2022-08-11,105.08999633789062,2.888000011444092,20.200000762939453,105.45999908447266,2.9019999504089355,20.850000381469727,104.6500015258789,2.7300000190734863,19.709999084472656,105.20999908447266,2.739000082015991,19.84000015258789,0,0,0
2022-08-12,105.62999725341797,2.8489999771118164,19.530000686645508,105.87999725341797,2.878999948501587,20.350000381469727,105.08999633789062,2.8369998931884766,19.1200008392334,105.16000366210938,2.8480000495910645,20.34000015258789,0,0,0
2022-08-15,106.55000305175781,2.7909998893737793,19.950000762939453,106.55000305175781,2.803999900817871,21.15999984741211,105.55000305175781,2.759000062942505,19.809999465942383,105.66999816894531,2.803999900817871,20.739999771118164,0,0,0
2022-08-16,106.5,2.8239998817443848,19.690000534057617,106.94000244140625,2.871000051498413,20.389999389648438,106.31999969482422,2.803999900817871,19.5,106.4800033569336,2.805999994277954,20.229999542236328,0,0,0
2022-08-17,106.56999969482422,2.8929998874664307,19.899999618530273,106.88999938964844,2.9189999103546143,20.6299991607666,106.30999755859375,2.859999895095825,19.40999984741211,106.44999694824219,2.8949999809265137,19.739999771118164,0,0,0
2022-08-18,107.4800033569336,2.880000114440918,19.559999465942383,107.55999755859375,2.8910000324249268,20.610000610351562,106.51000213623047,2.8350000381469727,19.43000030517578,106.68000030517578,2.865999937057495,20.510000228881836,0,0,0
2022-08-19,108.16999816894531,2.989000082015991,20.600000381469727,108.22000122070312,2.997999906539917,21.270000457763672,107.47000122070312,2.9519999027252197,20.079999923706055,107.5,2.9609999656677246,20.15999984741211,0,0,0
2022-08-22,109.05000305175781,3.0369999408721924,23.799999237060547,109.0999984741211,3.0409998893737793,24.6200008392334,108.08000183105469,2.9649999141693115,22.389999389648438,108.0999984741211,2.9809999465942383,22.40999984741211,0,0,0
2022-08-23,108.62000274658203,3.053999900817871,24.110000610351562,109.2699966430664,3.078000068664551,24.209999084472656,108.08000183105469,2.9830000400543213,23.06999969482422,109.0,3.0329999923706055,24.1299991607666,0,0,0
2022-08-24,108.68000030517578,3.1059999465942383,22.81999969482422,109.11000061035156,3.125999927520752,24.860000610351562,108.36000061035156,3.0480000972747803,22.729999542236328,108.5199966430664,3.0480000972747803,24.3700008392334,0,0,0
2022-08-25,108.47000122070312,3.0260000228881836,21.780000686645508,108.69000244140625,3.128000020980835,23.1299991607666,107.98999786376953,3.0199999809265137,21.770000457763672,108.62999725341797,3.1080000400543213,22.40999984741211,0,0,0
2022-08-26,108.80000305175781,3.0350000858306885,25.559999465942383,108.87000274658203,3.0869998931884766,25.899999618530273,107.58999633789062,3.007999897003174,21.670000076293945,108.47000122070312,3.071000099182129,22.06999969482422,0,0,0
2022-08-29,108.83999633789062,3.109999895095825,26.209999084472656,109.4800033569336,3.125,27.670000076293945,108.48999786376953,3.0859999656677246,25.469999313354492,108.83999633789062,3.0989999771118164,26.860000610351562,0,0,0
2022-08-30,108.7699966430664,3.109999895095825,26.209999084472656,109.11000061035156,3.1510000228881836,27.690000534057617,108.29000091552734,3.066999912261963,25.1299991607666,108.69999694824219,3.072999954223633,25.75,0,0,0
2022-08-31,108.69999694824219,3.132999897003174,25.8700008392334,109.19999694824219,3.1440000534057617,26.6200008392334,108.37999725341797,3.1029999256134033,25.309999465942383,108.75,3.127000093460083,25.860000610351562,0,0,0
2022-09-01,109.69000244140625,3.265000104904175,25.559999465942383,109.9800033569336,3.2950000762939453,27.450000762939453,108.7699966430664,3.2170000076293945,25.25,108.83999633789062,3.2170000076293945,26.8799991607666,0,0,0
2022-09-02,109.52999877929688,3.193000078201294,25.469999313354492,109.72000122070312,3.2880001068115234,26.280000686645508,108.93000030517578,3.1760001182556152,23.190000534057617,109.63999938964844,3.257999897003174,25.510000228881836,0,0,0
2022-09-06,110.20999908447266,3.3399999141693115,26.90999984741211,110.55000305175781,3.3529999256134033,27.799999237060547,109.37999725341797,3.24399995803833,25.329999923706055,109.5999984741211,3.25,25.459999084472656,0,0,0
2022-09-07,109.83999633789062,3.265000104904175,24.639999389648438,110.79000091552734,3.3320000171661377,27.149999618530273,109.54000091552734,3.25,24.540000915527344,110.31999969482422,3.322999954223633,26.93000030517578,0,0,0
2022-09-08,109.70999908447266,3.2920000553131104,23.610000610351562,110.23999786376953,3.303999900817871,25.899999618530273,109.33000183105469,3.2090001106262207,23.559999465942383,109.66999816894531,3.2309999465942383,24.700000762939453,0,0,0
2022-09-09,109.0,3.321000099182129,22.790000915527344,109.54000091552734,3.325000047683716,23.56999969482422,108.36000061035156,3.250999927520752,22.639999389648438,109.54000091552734,3.2730000019073486,23.489999771118164,0,0,0
2022-09-12,108.33000183105469,3.361999988555908,23.8700008392334,108.86000061035156,3.365000009536743,24.229999542236328,107.80999755859375,3.26200008392334,23.15999984741211,108.5999984741211,3.2679998874664307,23.579999923706055,0,0,0
2022-09-13,109.81999969482422,3.421999931335449,27.270000457763672,109.95999908447266,3.4579999446868896,28.149999618530273,107.68000030517578,3.2929999828338623,23.530000686645508,108.2300033569336,3.302000045776367,23.670000076293945,0,0,0
2022-09-14,109.66000366210938,3.4119999408721924,26.15999984741211,109.93000030517578,3.4760000705718994,27.559999465942383,109.27999877929688,3.382999897003174,26.15999984741211,109.93000030517578,3.4600000381469727,26.729999542236328,0,0,0
2022-09-15,109.73999786376953,3.4590001106262207,26.270000457763672,109.91999816894531,3.4679999351501465,26.93000030517578,109.41999816894531,3.4100000858306885,25.420000076293945,109.61000061035156,3.4649999141693115,26.100000381469727,0,0,0
2022-09-16,109.76000213623047,3.447999954223633,26.299999237060547,110.26000213623047,3.490000009536743,28.450000762939453,109.4800033569336,3.4149999618530273,26.139999389648438,109.80000305175781,3.453000068664551,27.469999313354492,0,0,0
2022-09-19,109.73999786376953,3.490000009536743,25.760000228881836,110.18000030517578,3.509999990463257,27.950000762939453,109.48999786376953,3.4630000591278076,25.559999465942383,109.63999938964844,3.509999990463257,27.690000534057617,0,0,0
2022-09-20,110.22000122070312,3.571000099182129,27.15999984741211,110.29000091552734,3.6019999980926514,27.809999465942383,109.36000061035156,3.5339999198913574,25.610000610351562,109.58000183105469,3.552999973297119,25.649999618530273,0,0,0
2022-09-21,110.63999938964844,3.509999990463257,27.989999771118164,111.58000183105469,3.619999885559082,30.18000030517578,110.12999725341797,3.503000020980835,25.549999237060547,110.16000366210938,3.5299999713897705,28.030000686645508,0,0,0
2022-09-22,111.3499984741211,3.7079999446868896,27.350000381469727,111.80999755859375,3.7160000801086426,28.3799991607666,110.45999908447266,3.5460000038146973,26.709999084472656,111.4800033569336,3.5480000972747803,28.15999984741211,0,0,0
2022-09-23,113.19000244140625,3.697000026702881,29.920000076293945,113.2300033569336,3.7730000019073486,32.310001373291016,111.08000183105469,3.6589999198913574,27.579999923706055,111.23999786376953,3.7690000534057617,27.68000030517578,0,0,0
2022-09-26,114.0999984741211,3.878000020980835,32.2599983215332,114.52999877929688,3.9040000438690186,32.880001068115234,112.94000244140625,3.734999895095825,29.829999923706055,113.0199966430664,3.7829999923706055,31.739999771118164,0,0,0
2022-09-27,114.11000061035156,3.9639999866485596,32.599998474121094,114.47000122070312,3.992000102996826,34.13999938964844,113.33000183105469,3.809000015258789,30.299999237060547,114.0199966430664,3.809000015258789,31.200000762939453,0,0,0
2022-09-28,112.5999984741211,3.7049999237060547,30.18000030517578,114.77999877929688,3.9130001068115234,34.880001068115234,112.55999755859375,3.703000068664551,30.030000686645508,114.19000244140625,3.9110000133514404,34.5,0,0,0
2022-09-29,112.25,3.746999979019165,31.84000015258789,113.79000091552734,3.8259999752044678,33.459999084472656,111.91999816894531,3.7209999561309814,31.15999984741211,113.01000213623047,3.818000078201294,31.670000076293945,0,0,0
2022-09-30,112.12000274658203,3.803999900817871,31.6200008392334,112.66999816894531,3.803999900817871,33.25,111.58000183105469,3.686000108718872,29.389999389648438,111.75,3.7139999866485596,31.610000610351562,0,0,0
2022-10-03,111.75,3.6510000228881836,30.100000381469727,112.54000091552734,3.7119998931884766,33.060001373291016,111.47000122070312,3.568000078201294,29.6299991607666,112.16999816894531,3.7119998931884766,33.0,0,0,0
2022-10-04,110.06999969482422,3.617000102996826,29.06999969482422,111.88999938964844,3.6589999198913574,29.6200008392334,110.05999755859375,3.563999891281128,28.559999465942383,111.58999633789062,3.5929999351501465,29.520000457763672,0,0,0
2022-10-05,111.06999969482422,3.759000062942505,28.549999237060547,111.73999786376953,3.7890000343322754,30.110000610351562,110.08999633789062,3.697000026702881,28.5,110.2300033569336,3.703000068664551,29.360000610351562,0,0,0
2022-10-06,112.26000213623047,3.8259999752044678,30.520000457763672,112.30999755859375,3.8440001010894775,30.739999771118164,110.77999877929688,3.740999937057495,28.559999465942383,111.0199966430664,3.763000011444092,28.600000381469727,0,0,0
2022-10-07,112.80000305175781,3.882999897003174,31.360000610351562,112.87999725341797,3.9100000858306885,32.02000045776367,111.94999694824219,3.8329999446868896,29.8799991607666,112.25,3.8329999446868896,30.3700008392334,0,0,0
2022-10-10,113.13999938964844,3.888000011444092,32.45000076293945,113.33000183105469,3.888000011444092,33.9900016784668,112.62000274658203,3.888000011444092,32.04999923706055,112.75,3.888000011444092,32.93000030517578,0,0,0
2022-10-11,113.22000122070312,3.938999891281128,33.630001068115234,113.5,3.9700000286102295,34.43000030517578,112.41000366210938,3.869999885559082,32.45000076293945,113.08000183105469,3.9000000953674316,33.560001373291016,0,0,0
2022-10-12,113.31999969482422,3.9019999504089355,33.56999969482422,113.58999633789062,3.9779999256134033,34.529998779296875,113.05000305175781,3.884000062942505,33.11000061035156,113.30999755859375,3.953000068664551,33.540000915527344,0,0,0
2022-10-13,112.36000061035156,3.9519999027252197,31.940000534057617,113.91999816894531,4.079999923706055,33.869998931884766,112.1500015258789,3.8440001010894775,31.6299991607666,113.23999786376953,3.859999895095825,33.599998474121094,0,0,0
2022-10-14,113.30999755859375,4.010000228881836,32.02000045776367,113.41999816894531,4.031000137329102,32.97999954223633,112.16000366210938,3.8510000705718994,31.139999389648438,112.47000122070312,3.88700008392334,31.889999389648438,0,0,0
2022-10-17,112.04000091552734,4.014999866485596,31.3700008392334,113.22000122070312,4.014999866485596,32.59000015258789,111.91999816894531,3.9100000858306885,30.700000762939453,113.22000122070312,3.938999891281128,32.27000045776367,0,0,0
2022-10-18,112.12999725341797,3.997999906539917,30.5,112.45999908447266,4.066999912261963,31.93000030517578,111.7699966430664,3.9649999141693115,30.420000076293945,112.06999969482422,3.9839999675750732,31.100000381469727,0,0,0
2022-10-19,112.9800033569336,4.126999855041504,30.760000228881836,113.0999984741211,4.136000156402588,31.899999618530273,111.91999816894531,4.066999912261963,30.760000228881836,111.91999816894531,4.093999862670898,30.940000534057617,0,0,0
2022-10-20,112.87999725341797,4.22599983215332,29.979999542236328,113.08999633789062,4.228000164031982,31.31999969482422,112.16999816894531,4.10099983215332,29.760000228881836,112.98999786376953,4.123000144958496,31.299999237060547,0,0,0
2022-10-21,112.01000213623047,4.2129998207092285,29.690000534057617,113.94000244140625,4.333000183105469,30.440000534057617,111.69999694824219,4.199999809265137,29.239999771118164,112.94000244140625,4.330999851226807,30.209999084472656,0,0,0
2022-10-24,111.98999786376953,4.234000205993652,29.850000381469727,112.52999877929688,4.290999889373779,30.950000762939453,111.47000122070312,4.171000003814697,29.780000686645508,111.87999725341797,4.191999912261963,30.649999618530273,0,0,0
2022-10-25,110.94999694824219,4.107999801635742,28.459999084472656,112.12999725341797,4.171000003814697,30.0,110.76000213623047,4.052000045776367,28.219999313354492,111.81999969482422,4.163000106811523,29.799999237060547,0,0,0
2022-10-26,109.69999694824219,4.014999866485596,27.280000686645508,111.13999938964844,4.081999778747559,28.520000457763672,109.62999725341797,3.996999979019165,27.270000457763672,110.95999908447266,4.059000015258789,28.440000534057617,0,0,0
2022-10-27,110.58999633789062,3.937000036239624,27.389999389648438,110.62000274658203,4.066999912261963,27.670000076293945,109.54000091552734,3.9110000133514404,26.940000534057617,109.62000274658203,4.060999870300293,27.510000228881836,0,0,0
2022-10-28,110.66999816894531,4.010000228881836,25.75,111.04000091552734,4.047999858856201,27.59000015258789,110.29000091552734,3.950000047683716,25.75,110.5,3.99399995803833,27.43000030517578,0,0,0
2022-10-31,111.52999877929688,4.077000141143799,25.8799991607666,111.66999816894531,4.083000183105469,27.06999969482422,110.66999816894531,4.031000137329102,25.84000015258789,110.66999816894531,4.031000137329102,26.90999984741211,0,0,0
2022-11-01,111.4800033569336,4.052000045776367,25.809999465942383,111.77999877929688,4.078999996185303,26.350000381469727,110.72000122070312,3.9200000762939453,25.65999984741211,111.5199966430664,3.937000036239624,25.959999084472656,0,0,0
2022-11-02,111.3499984741211,4.059000015258789,25.860000610351562,112.1500015258789,4.078000068664551,26.6200008392334,110.43000030517578,3.9760000705718994,25.389999389648438,111.54000091552734,4.044000148773193,26.040000915527344,0,0,0
2022-11-03,112.93000030517578,4.124000072479248,25.299999237060547,113.1500015258789,4.2230000495910645,26.8700008392334,111.81999969482422,4.111000061035156,25.100000381469727,112.16999816894531,4.183000087738037,25.979999542236328,0,0,0
2022-11-04,110.87999725341797,4.156000137329102,24.549999237060547,112.98999786376953,4.209000110626221,25.709999084472656,110.72000122070312,4.104000091552734,24.0,112.97000122070312,4.164999961853027,25.6299991607666,0,0,0
2022-11-07,110.12000274658203,4.214000225067139,24.350000381469727,111.2699966430664,4.2179999351501465,25.670000076293945,110.05000305175781,4.142000198364258,24.34000015258789,110.79000091552734,4.142000198364258,25.670000076293945,0,0,0
2022-11-08,109.62000274658203,4.125999927520752,25.540000915527344,110.61000061035156,4.203000068664551,26.15999984741211,109.37000274658203,4.120999813079834,24.239999771118164,110.05999755859375,4.197000026702881,24.709999084472656,0,0,0
2022-11-09,110.55000305175781,4.151000022888184,26.09000015258789,110.63999938964844,4.173999786376953,26.350000381469727,109.44999694824219,4.0970001220703125,25.020000457763672,109.6500015258789,4.151000022888184,25.34000015258789,0,0,0
2022-11-10,108.20999908447266,3.8289999961853027,23.530000686645508,110.98999786376953,4.090000152587891,26.59000015258789,107.70999908447266,3.8239998817443848,22.84000015258789,110.30000305175781,4.074999809265137,26.510000228881836,0,0,0
2022-11-11,106.29000091552734,3.812999963760376,22.520000457763672,108.44000244140625,3.812999963760376,23.90999984741211,106.27999877929688,3.812999963760376,22.3700008392334,108.23999786376953,3.812999963760376,23.889999389648438,0,0,0
2022-11-14,106.66000366210938,3.865000009536743,23.729999542236328,107.2699966430664,3.9010000228881836,24.329999923706055,106.4800033569336,3.8540000915527344,22.860000610351562,106.4800033569336,3.884000062942505,23.989999771118164,0,0,0
2022-11-15,106.4000015258789,3.7990000247955322,24.540000915527344,107.0999984741211,3.8440001010894775,26.219999313354492,105.33999633789062,3.759999990463257,23.18000030517578,107.0,3.815999984741211,23.770000457763672,0,0,0
2022-11-16,106.27999877929688,3.691999912261963,24.110000610351562,106.77999877929688,3.796999931335449,24.719999313354492,105.86000061035156,3.691999912261963,23.989999771118164,106.58000183105469,3.7679998874664307,24.290000915527344,0,0,0
2022-11-17,106.69000244140625,3.7750000953674316,23.93000030517578,107.23999786376953,3.802999973297119,25.18000030517578,106.0999984741211,3.743000030517578,23.809999465942383,106.2699966430664,3.76200008392334,24.049999237060547,0,0,0
2022-11-18,106.93000030517578,3.818000078201294,23.1200008392334,107.04000091552734,3.8269999027252197,24.1200008392334,106.33999633789062,3.76200008392334,22.979999542236328,106.69000244140625,3.805000066757202,24.030000686645508,0,0,0
2022-11-21,107.83999633789062,3.825000047683716,22.360000610351562,107.98999786376953,3.8359999656677246,24.1200008392334,106.88999938964844,3.76200008392334,22.299999237060547,106.97000122070312,3.813999891281128,24.049999237060547,0,0,0
2022-11-22,107.22000122070312,3.757999897003174,21.290000915527344,107.75,3.816999912261963,22.709999084472656,107.12000274658203,3.749000072479248,21.280000686645508,107.69999694824219,3.802999973297119,22.59000015258789,0,0,0
2022-11-23,106.08000183105469,3.7060000896453857,20.350000381469727,107.22000122070312,3.796999931335449,21.780000686645508,106.02999877929688,3.694999933242798,20.31999969482422,107.08000183105469,3.7760000228881836,21.489999771118164,0,0,0
2022-11-25,105.95999908447266,3.690999984741211,20.5,106.41999816894531,3.75600004196167,21.110000610351562,105.69000244140625,3.680999994277954,20.459999084472656,105.95999908447266,3.7260000705718994,20.610000610351562,0,0,0
2022-11-28,106.68000030517578,3.703000068664551,22.209999084472656,106.75,3.7179999351501465,22.5,105.31999969482422,3.6679999828338623,21.649999618530273,106.05999755859375,3.683000087738037,22.09000015258789,0,0,0
2022-11-29,106.81999969482422,3.747999906539917,21.889999389648438,106.87999725341797,3.759000062942505,22.56999969482422,106.05999755859375,3.678999900817871,21.829999923706055,106.56999969482422,3.694000005722046,22.09000015258789,0,0,0
2022-11-30,105.94999694824219,3.703000068664551,20.579999923706055,107.19999694824219,3.7980000972747803,22.6299991607666,105.77999877929688,3.690000057220459,20.309999465942383,106.72000122070312,3.7269999980926514,21.700000762939453,0,0,0
2022-12-01,104.7300033569336,3.5290000438690186,19.84000015258789,105.9000015258789,3.63100004196167,21.059999465942383,104.66000366210938,3.5269999504089355,19.799999237060547,105.69999694824219,3.5940001010894775,20.829999923706055,0,0,0
2022-12-02,104.55000305175781,3.50600004196167,19.059999465942383,105.58999633789062,3.638000011444092,20.959999084472656,104.37999725341797,3.503999948501587,18.950000762939453,104.81999969482422,3.5190000534057617,20.420000076293945,0,0,0
2022-12-05,105.29000091552734,3.5989999771118164,20.75,105.4000015258789,3.611999988555908,21.290000915527344,104.11000061035156,3.513000011444092,19.780000686645508,104.51000213623047,3.5299999713897705,20.299999237060547,0,0,0
2022-12-06,105.58000183105469,3.513000011444092,22.170000076293945,105.62999725341797,3.5829999446868896,22.600000381469727,104.88999938964844,3.507999897003174,20.3799991607666,105.16000366210938,3.561000108718872,20.690000534057617,0,0,0
2022-12-07,105.0999984741211,3.4079999923706055,22.68000030517578,105.81999969482422,3.552999973297119,23.010000228881836,104.87999725341797,3.4019999504089355,22.18000030517578,105.62999725341797,3.552999973297119,22.31999969482422,0,0,0
2022-12-08,104.7699966430664,3.490999937057495,22.290000915527344,105.43000030517578,3.50600004196167,23.280000686645508,104.72000122070312,3.447999954223633,22.059999465942383,105.19999694824219,3.4670000076293945,22.809999465942383,0,0,0
2022-12-09,104.80999755859375,3.566999912261963,22.829999923706055,105.13999938964844,3.569000005722046,23.209999084472656,104.4800033569336,3.4630000591278076,22.18000030517578,104.86000061035156,3.4760000705718994,22.549999237060547,0,0,0
2022-12-12,105.12999725341797,3.6110000610351562,25.0,105.25,3.630000114440918,25.049999237060547,104.66999816894531,3.5209999084472656,24.18000030517578,104.93000030517578,3.5429999828338623,24.399999618530273,0,0,0
2022-12-13,103.9800033569336,3.500999927520752,22.549999237060547,105.0999984741211,3.5910000801086426,25.84000015258789,103.58999633789062,3.4230000972747803,21.459999084472656,104.98999786376953,3.5850000381469727,25.239999771118164,0,0,0
2022-12-14,103.7699966430664,3.503000020980835,21.139999389648438,104.16000366210938,3.559999942779541,23.469999313354492,103.44999694824219,3.4790000915527344,21.06999969482422,104.06999969482422,3.507999897003174,22.829999923706055,0,0,0
2022-12-15,104.55999755859375,3.450000047683716,22.829999923706055,104.87999725341797,3.5209999084472656,23.670000076293945,103.54000091552734,3.430000066757202,21.25,103.66999816894531,3.505000114440918,21.520000457763672,0,0,0
2022-12-16,104.69999694824219,3.4820001125335693,22.6200008392334,104.83999633789062,3.556999921798706,23.829999923706055,104.20999908447266,3.4619998931884766,22.09000015258789,104.44999694824219,3.50600004196167,23.260000228881836,0,0,0
2022-12-19,104.72000122070312,3.5810000896453857,22.420000076293945,104.93000030517578,3.6010000705718994,22.860000610351562,104.12999725341797,3.552000045776367,21.610000610351562,104.83999633789062,3.559000015258789,22.6299991607666,0,0,0
2022-12-20,103.97000122070312,3.684000015258789,21.479999542236328,104.79000091552734,3.7009999752044678,23.389999389648438,103.77999877929688,3.6530001163482666,21.350000381469727,104.7300033569336,3.6619999408721924,23.170000076293945,0,0,0
2022-12-21,104.16000366210938,3.684000015258789,20.06999969482422,104.37999725341797,3.697000026702881,21.290000915527344,103.8499984741211,3.621000051498413,19.940000534057617,103.94999694824219,3.6470000743865967,21.25,0,0,0
2022-12-22,104.43000030517578,3.6689999103546143,21.969999313354492,104.5999984741211,3.691999912261963,24.299999237060547,103.75,3.6470000743865967,20.010000228881836,104.22000122070312,3.6540000438690186,20.079999923706055,0,0,0
2022-12-23,104.30999755859375,3.750999927520752,20.8700008392334,104.54000091552734,3.753000020980835,22.639999389648438,104.12000274658203,3.694999933242798,20.780000686645508,104.38999938964844,3.7009999752044678,22.170000076293945,0,0,0
2022-12-27,104.18000030517578,3.859999895095825,21.649999618530273,104.4000015258789,3.861999988555908,22.799999237060547,103.88999938964844,3.7869999408721924,21.59000015258789,104.12000274658203,3.7869999408721924,21.670000076293945,0,0,0
2022-12-28,104.45999908447266,3.88700008392334,22.139999389648438,104.55999755859375,3.890000104904175,22.260000228881836,103.8499984741211,3.815000057220459,20.959999084472656,104.33000183105469,3.818000078201294,21.469999313354492,0,0,0
2022-12-29,103.83999633789062,3.8350000381469727,21.440000534057617,104.44999694824219,3.885999917984009,22.309999465942383,103.77999877929688,3.818000078201294,21.360000610351562,104.37000274658203,3.868000030517578,22.25,0,0,0
2022-12-30,103.5199966430664,3.878999948501587,21.670000076293945,104.0999984741211,3.9049999713897705,22.399999618530273,103.38999938964844,3.8310000896453857,21.59000015258789,103.94999694824219,3.86899995803833,21.829999923706055,0,0,0
2023-01-03,104.5199966430664,3.7929999828338623,22.899999618530273,104.86000061035156,3.809999942779541,23.760000228881836,103.47000122070312,3.7239999771118164,22.729999542236328,103.66000366210938,3.757999897003174,23.09000015258789,0,0,0
2023-01-04,104.25,3.7090001106262207,22.010000228881836,104.5999984741211,3.7279999256134033,23.270000457763672,103.83000183105469,3.6640000343322754,21.940000534057617,104.58000183105469,3.677000045776367,22.93000030517578,0,0,0
2023-01-05,105.04000091552734,3.7200000286102295,22.459999084472656,105.2699966430664,3.7839999198913574,22.920000076293945,103.98999786376953,3.697999954223633,21.969999313354492,104.06999969482422,3.7279999256134033,22.200000762939453,0,0,0
2023-01-06,103.87999725341797,3.569000005722046,21.1299991607666,105.62999725341797,3.753999948501587,22.899999618530273,103.87000274658203,3.558000087738037,21.0,105.05000305175781,3.746000051498413,22.690000534057617,0,0,0
2023-01-09,103.0,3.5169999599456787,21.969999313354492,103.94000244140625,3.5910000801086426,21.979999542236328,102.94000244140625,3.507999897003174,21.270000457763672,103.91000366210938,3.5889999866485596,21.75,0,0,0
2023-01-10,103.23999786376953,3.621000051498413,20.579999923706055,103.48999786376953,3.6389999389648438,22.459999084472656,103.02999877929688,3.566999912261963,20.579999923706055,103.29000091552734,3.578000068664551,22.219999313354492,0,0,0
2023-01-11,103.19000244140625,3.553999900817871,21.09000015258789,103.4800033569336,3.5950000286102295,21.25,103.11000061035156,3.552000045776367,20.6200008392334,103.22000122070312,3.569000005722046,20.799999237060547,0,0,0
2023-01-12,102.25,3.4489998817443848,18.829999923706055,103.29000091552734,3.5910000801086426,21.799999237060547,102.08000183105469,3.430999994277954,18.829999923706055,103.05999755859375,3.503999948501587,21.559999465942383,0,0,0
2023-01-13,102.19999694824219,3.510999917984009,18.350000381469727,102.6500015258789,3.515000104904175,19.40999984741211,101.98999786376953,3.430000066757202,18.010000228881836,102.20999908447266,3.489000082015991,19.0,0,0,0
2023-01-17,102.38999938964844,3.5350000858306885,19.360000610351562,102.55999755859375,3.5789999961853027,20.219999313354492,101.94000244140625,3.496000051498413,19.209999084472656,102.31999969482422,3.575000047683716,19.889999389648438,0,0,0
2023-01-18,102.36000061035156,3.375,20.34000015258789,102.9000015258789,3.4670000076293945,20.579999923706055,101.52999877929688,3.375,18.709999084472656,102.47000122070312,3.4630000591278076,19.280000686645508,0,0,0
2023-01-19,102.05999755859375,3.3970000743865967,20.520000457763672,102.4800033569336,3.427999973297119,21.709999084472656,101.98999786376953,3.372999906539917,20.170000076293945,102.37999725341797,3.3970000743865967,20.43000030517578,0,0,0
2023-01-20,102.01000213623047,3.4839999675750732,19.850000381469727,102.55000305175781,3.500999927520752,20.700000762939453,101.94000244140625,3.433000087738037,19.40999984741211,102.08000183105469,3.441999912261963,20.280000686645508,0,0,0
2023-01-23,102.13999938964844,3.5250000953674316,19.809999465942383,102.27999877929688,3.546999931335449,20.329999923706055,101.58999633789062,3.493000030517578,19.549999237060547,101.98999786376953,3.503000020980835,20.209999084472656,0,0,0
2023-01-24,101.91999816894531,3.4690001010894775,19.200000762939453,102.43000030517578,3.555999994277954,20.469999313354492,101.72000122070312,3.4579999446868896,18.90999984741211,101.98999786376953,3.513000011444092,19.889999389648438,0,0,0
2023-01-25,101.63999938964844,3.4619998931884766,19.079999923706055,102.12000274658203,3.489000082015991,20.899999618530273,101.58000183105469,3.421999931335449,18.989999771118164,102.01000213623047,3.434000015258789,19.559999465942383,0,0,0
2023-01-26,101.83999633789062,3.493000030517578,18.729999542236328,102.18000030517578,3.5209999084472656,19.479999542236328,101.5,3.4519999027252197,18.670000076293945,101.58000183105469,3.490999937057495,19.049999237060547,0,0,0
2023-01-27,101.93000030517578,3.5179998874664307,18.510000228881836,102.19000244140625,3.552000045776367,19.0,101.68000030517578,3.5179998874664307,17.969999313354492,101.72000122070312,3.5439999103546143,18.899999618530273,0,0,0
2023-01-30,102.27999877929688,3.5510001182556152,19.940000534057617,102.30999755859375,3.5739998817443848,20.25,101.66000366210938,3.5220000743865967,19.540000915527344,101.91999816894531,3.552999973297119,19.760000228881836,0,0,0
2023-01-31,102.0999984741211,3.5290000438690186,19.399999618530273,102.61000061035156,3.552999973297119,20.700000762939453,102.01000213623047,3.48799991607666,19.1299991607666,102.19000244140625,3.5309998989105225,20.1200008392334,0,0,0
2023-02-01,101.22000122070312,3.3970000743865967,17.8700008392334,102.19000244140625,3.509999990463257,20.040000915527344,101.04000091552734,3.38700008392334,17.700000762939453,102.0999984741211,3.4749999046325684,19.6200008392334,0,0,0
2023-02-02,101.75,3.3959999084472656,18.729999542236328,101.91000366210938,3.4070000648498535,19.25,100.81999969482422,3.3340001106262207,17.059999465942383,100.8499984741211,3.372999906539917,17.739999771118164,0,0,0
2023-02-03,102.91999816894531,3.5320000648498535,18.329999923706055,103.01000213623047,3.555999994277954,19.299999237060547,101.55000305175781,3.38100004196167,17.93000030517578,101.83000183105469,3.390000104904175,18.56999969482422,0,0,0
2023-02-06,103.62000274658203,3.634000062942505,19.43000030517578,103.7699966430664,3.6440000534057617,19.809999465942383,103.01000213623047,3.5989999771118164,19.209999084472656,103.01000213623047,3.5989999771118164,19.229999542236328,0,0,0
2023-02-07,103.43000030517578,3.6740000247955322,18.65999984741211,103.95999908447266,3.680999994277954,19.989999771118164,103.0,3.5969998836517334,18.43000030517578,103.54000091552734,3.6449999809265137,19.540000915527344,0,0,0
2023-02-08,103.41000366210938,3.6530001163482666,19.6299991607666,103.5199966430664,3.691999912261963,20.1200008392334,103.0,3.630000114440918,18.549999237060547,103.2699966430664,3.6579999923706055,18.8799991607666,0,0,0
2023-02-09,103.22000122070312,3.683000087738037,20.709999084472656,103.55000305175781,3.690000057220459,21.079999923706055,102.63999938964844,3.575000047683716,19.020000457763672,103.43000030517578,3.5859999656677246,19.239999771118164,0,0,0
2023-02-10,103.62999725341797,3.74399995803833,20.530000686645508,103.68000030517578,3.746999979019165,21.940000534057617,102.9000015258789,3.6730000972747803,20.440000534057617,103.26000213623047,3.686000108718872,20.739999771118164,0,0,0
2023-02-13,103.3499984741211,3.7170000076293945,20.34000015258789,103.83999633789062,3.755000114440918,21.690000534057617,103.23999786376953,3.7019999027252197,20.329999923706055,103.58000183105469,3.746999979019165,21.65999984741211,0,0,0
2023-02-14,103.2300033569336,3.760999917984009,18.90999984741211,103.5199966430664,3.7990000247955322,20.75,102.58999633789062,3.621999979019165,18.479999542236328,103.22000122070312,3.687999963760376,20.719999313354492,0,0,0
2023-02-15,103.91999816894531,3.809000015258789,18.229999542236328,104.11000061035156,3.822000026702881,19.40999984741211,103.16000366210938,3.749000072479248,18.110000610351562,103.20999908447266,3.749000072479248,19.3700008392334,0,0,0
2023-02-16,103.86000061035156,3.8429999351501465,20.170000076293945,104.2300033569336,3.86899995803833,20.270000457763672,103.52999877929688,3.7929999828338623,18.229999542236328,103.87999725341797,3.802999973297119,18.260000228881836,0,0,0
2023-02-17,103.86000061035156,3.828000068664551,20.020000457763672,104.66999816894531,3.9000000953674316,21.299999237060547,103.83999633789062,3.8239998817443848,19.81999969482422,104.19999694824219,3.885999917984009,20.940000534057617,0,0,0
2023-02-21,104.18000030517578,3.9549999237060547,22.8700008392334,104.26000213623047,3.9619998931884766,23.34000015258789,103.7699966430664,3.88100004196167,21.799999237060547,103.91000366210938,3.8940000534057617,21.799999237060547,0,0,0
2023-02-22,104.58999633789062,3.9230000972747803,22.290000915527344,104.5999984741211,3.9509999752044678,23.6299991607666,104.01000213623047,3.890000104904175,22.020000457763672,104.12999725341797,3.927000045776367,23.030000686645508,0,0,0
2023-02-23,104.5999984741211,3.878999948501587,21.139999389648438,104.77999877929688,3.9779999256134033,22.43000030517578,104.30999755859375,3.86299991607666,20.889999389648438,104.5,3.940999984741211,21.959999084472656,0,0,0
2023-02-24,105.20999908447266,3.9489998817443848,21.670000076293945,105.31999969482422,3.9779999256134033,22.899999618530273,104.41999816894531,3.9079999923706055,21.31999969482422,104.55999755859375,3.9159998893737793,21.350000381469727,0,0,0
2023-02-27,104.66999816894531,3.921999931335449,20.950000762939453,105.36000061035156,3.9670000076293945,22.020000457763672,104.55000305175781,3.8970000743865967,20.68000030517578,105.26000213623047,3.9670000076293945,21.989999771118164,0,0,0
2023-02-28,104.87000274658203,3.9159998893737793,20.700000762939453,105.0,3.9830000400543213,21.3700008392334,104.41999816894531,3.9040000438690186,20.100000381469727,104.62999725341797,3.947000026702881,21.299999237060547,0,0,0
2023-03-01,104.4800033569336,3.99399995803833,20.579999923706055,105.08999633789062,4.00600004196167,21.31999969482422,104.08999633789062,3.934000015258789,20.219999313354492,105.04000091552734,3.940000057220459,20.389999389648438,0,0,0
2023-03-02,105.02999877929688,4.072999954223633,19.59000015258789,105.18000030517578,4.091000080108643,21.420000076293945,104.38999938964844,4.044000148773193,19.549999237060547,104.38999938964844,4.050000190734863,21.40999984741211,0,0,0
2023-03-03,104.5199966430664,3.9639999866485596,18.489999771118164,105.0,4.026000022888184,19.760000228881836,104.48999786376953,3.9619998931884766,18.15999984741211,104.94000244140625,4.013000011444092,19.760000228881836,0,0,0
2023-03-06,104.3499984741211,3.9830000400543213,18.610000610351562,104.69000244140625,3.989000082015991,19.190000534057617,104.16000366210938,3.8970000743865967,18.489999771118164,104.52999877929688,3.9049999713897705,19.049999237060547,0,0,0
2023-03-07,105.62000274658203,3.9749999046325684,19.59000015258789,105.6500015258789,4.006999969482422,19.739999771118164,104.12000274658203,3.9210000038146973,18.510000228881836,104.30000305175781,3.940000057220459,18.639999389648438,0,0,0
2023-03-08,105.66000366210938,3.9760000705718994,19.110000610351562,105.87999725341797,3.994999885559082,20.010000228881836,105.37000274658203,3.9010000228881836,19.0,105.66999816894531,3.9600000381469727,19.709999084472656,0,0,0
2023-03-09,105.30999755859375,3.924999952316284,22.610000610351562,105.7300033569336,4.017000198364258,23.139999389648438,105.1500015258789,3.8940000534057617,18.8799991607666,105.62000274658203,4.011000156402588,19.329999923706055,0,0,0
2023-03-10,104.58000183105469,3.694999933242798,24.799999237060547,105.3499984741211,3.8320000171661377,28.969999313354492,104.04000091552734,3.6740000247955322,21.790000915527344,105.12999725341797,3.812000036239624,23.34000015258789,0,0,0
2023-03-13,103.5999984741211,3.515000104904175,26.520000457763672,104.38999938964844,3.546999931335449,30.809999465942383,103.4800033569336,3.4189999103546143,23.850000381469727,104.38999938964844,3.505000114440918,24.049999237060547,0,0,0
2023-03-14,103.5999984741211,3.638000011444092,23.729999542236328,104.05000305175781,3.684999942779541,27.239999771118164,103.5,3.555999994277954,22.270000457763672,103.66999816894531,3.5899999141693115,26.850000381469727,0,0,0
2023-03-15,104.6500015258789,3.492000102996826,26.139999389648438,105.0999984741211,3.5299999713897705,29.90999984741211,103.44000244140625,3.388000011444092,23.190000534057617,103.73999786376953,3.5260000228881836,23.209999084472656,0,0,0
2023-03-16,104.41999816894531,3.5850000381469727,22.989999771118164,104.73999786376953,3.5869998931884766,27.489999771118164,104.19999694824219,3.36899995803833,22.969999313354492,104.62000274658203,3.430999994277954,26.190000534057617,0,0,0
2023-03-17,103.70999908447266,3.3949999809265137,25.510000228881836,104.44999694824219,3.496000051498413,26.139999389648438,103.69000244140625,3.381999969482422,22.579999923706055,104.41000366210938,3.496000051498413,22.920000076293945,0,0,0
2023-03-20,103.27999877929688,3.4809999465942383,24.149999618530273,103.95999908447266,3.506999969482422,28.90999984741211,103.27999877929688,3.3949999809265137,24.0,103.86000061035156,3.3949999809265137,27.770000457763672,0,0,0
2023-03-21,103.26000213623047,3.6059999465942383,21.3799991607666,103.5199966430664,3.61299991607666,24.15999984741211,103.0,3.5369999408721924,21.290000915527344,103.30999755859375,3.572999954223633,24.15999984741211,0,0,0
2023-03-22,102.3499984741211,3.5,22.260000228881836,103.2699966430664,3.6440000534057617,22.3799991607666,102.06999969482422,3.4600000381469727,19.940000534057617,103.19999694824219,3.638000011444092,21.799999237060547,0,0,0
2023-03-23,102.52999877929688,3.4059998989105225,22.610000610351562,102.63999938964844,3.5199999809265137,24.90999984741211,101.91999816894531,3.3929998874664307,20.15999984741211,102.5,3.4830000400543213,21.540000915527344,0,0,0
2023-03-24,103.12000274658203,3.380000114440918,21.739999771118164,103.36000061035156,3.3970000743865967,25.209999084472656,102.5,3.2950000762939453,21.600000381469727,102.5999984741211,3.2980000972747803,22.110000610351562,0,0,0
2023-03-27,102.86000061035156,3.5280001163482666,20.600000381469727,103.2300033569336,3.5369999408721924,22.93000030517578,102.83000183105469,3.4679999351501465,20.56999969482422,103.12000274658203,3.4700000286102295,22.049999237060547,0,0,0
2023-03-28,102.43000030517578,3.563999891281128,19.969999313354492,102.76000213623047,3.575000047683716,21.399999618530273,102.37999725341797,3.5220000743865967,19.90999984741211,102.75,3.5450000762939453,20.530000686645508,0,0,0
2023-03-29,102.63999938964844,3.565999984741211,19.1200008392334,102.79000091552734,3.609999895095825,19.450000762939453,102.37000274658203,3.546999931335449,19.09000015258789,102.48999786376953,3.5769999027252197,19.389999389648438,0,0,0
2023-03-30,102.13999938964844,3.5510001182556152,19.020000457763672,102.77999877929688,3.5940001010894775,20.079999923706055,102.06999969482422,3.546999931335449,18.850000381469727,102.62000274658203,3.563999891281128,19.1200008392334,0,0,0
2023-03-31,102.51000213623047,3.49399995803833,18.700000762939453,102.62999725341797,3.559999942779541,19.43000030517578,102.05000305175781,3.492000102996826,18.520000457763672,102.19999694824219,3.555999994277954,19.209999084472656,0,0,0
2023-04-03,102.08999633789062,3.430000066757202,18.549999237060547,103.05999755859375,3.5239999294281006,19.829999923706055,101.9800033569336,3.4000000953674316,18.540000915527344,102.58999633789062,3.5169999599456787,19.790000915527344,0,0,0
2023-04-04,101.58999633789062,3.3369998931884766,19.0,102.27999877929688,3.484999895095825,20.030000686645508,101.45999908447266,3.3350000381469727,18.579999923706055,102.01000213623047,3.4730000495910645,18.790000915527344,0,0,0
2023-04-05,101.8499984741211,3.2869999408721924,19.079999923706055,101.98999786376953,3.3239998817443848,20.079999923706055,101.41999816894531,3.2660000324249268,19.0,101.5199966430664,3.309000015258789,19.420000076293945,0,0,0
2023-04-06,101.81999969482422,3.2880001068115234,18.399999618530273,102.13999938964844,3.305000066757202,19.8799991607666,101.76000213623047,3.253000020980835,18.350000381469727,101.83000183105469,3.2679998874664307,19.299999237060547,0,0,0
2023-04-10,102.58000183105469,3.4149999618530273,18.969999313354492,102.80999755859375,3.436000108718872,20.049999237060547,101.98999786376953,3.3510000705718994,18.93000030517578,102.0999984741211,3.365999937057495,19.389999389648438,0,0,0
2023-04-11,102.19999694824219,3.434000015258789,19.100000381469727,102.5199966430664,3.4560000896453857,19.280000686645508,102.01000213623047,3.3910000324249268,18.559999465942383,102.5199966430664,3.4089999198913574,19.079999923706055,0,0,0
2023-04-12,101.5,3.4210000038146973,19.09000015258789,102.16000366210938,3.4600000381469727,19.979999542236328,101.44999694824219,3.3420000076293945,18.25,102.12999725341797,3.447000026702881,19.3799991607666,0,0,0
2023-04-13,101.01000213623047,3.4519999027252197,17.799999237060547,101.5999984741211,3.4600000381469727,19.059999465942383,100.8499984741211,3.371999979019165,17.770000457763672,101.47000122070312,3.427999973297119,18.829999923706055,0,0,0
2023-04-14,101.55000305175781,3.5220000743865967,17.06999969482422,101.75,3.5360000133514404,18.1200008392334,100.79000091552734,3.443000078201294,17.06999969482422,101.0,3.4539999961853027,17.940000534057617,0,0,0
2023-04-17,102.0999984741211,3.5910000801086426,16.950000762939453,102.2300033569336,3.6019999980926514,17.790000915527344,101.52999877929688,3.5380001068115234,16.899999618530273,101.58000183105469,3.5490000247955322,17.579999923706055,0,0,0
2023-04-18,101.75,3.572000026702881,16.829999923706055,102.13999938964844,3.6019999980926514,17.34000015258789,101.63999938964844,3.5490000247955322,16.579999923706055,102.0999984741211,3.578000068664551,16.940000534057617,0,0,0
2023-04-19,101.97000122070312,3.6019999980926514,16.459999084472656,102.2300033569336,3.6389999389648438,17.719999313354492,101.66000366210938,3.5999999046325684,16.170000076293945,101.70999908447266,3.634999990463257,17.299999237060547,0,0,0
2023-04-20,101.83999633789062,3.5450000762939453,17.170000076293945,102.12999725341797,3.5789999961853027,17.690000534057617,101.62999725341797,3.5260000228881836,16.329999923706055,101.98999786376953,3.565999984741211,16.850000381469727,0,0,0
2023-04-21,101.81999969482422,3.569999933242798,16.770000457763672,102.12000274658203,3.5799999237060547,17.709999084472656,101.6500015258789,3.502000093460083,16.579999923706055,101.80000305175781,3.5339999198913574,17.510000228881836,0,0,0
2023-04-24,101.3499984741211,3.515000104904175,16.889999389648438,101.91000366210938,3.5450000762939453,18.239999771118164,101.33000183105469,3.505000114440918,16.739999771118164,101.72000122070312,3.5450000762939453,18.219999313354492,0,0,0
2023-04-25,101.86000061035156,3.3959999084472656,18.760000228881836,101.94999694824219,3.447000026702881,19.860000610351562,101.19999694824219,3.378999948501587,17.329999923706055,101.26000213623047,3.444999933242798,17.6200008392334,0,0,0
2023-04-26,101.47000122070312,3.431999921798706,18.84000015258789,101.88999938964844,3.4579999446868896,19.610000610351562,101.01000213623047,3.375,17.8700008392334,101.81999969482422,3.4110000133514404,18.65999984741211,0,0,0
2023-04-27,101.5,3.5280001163482666,17.030000686645508,101.80000305175781,3.5320000648498535,18.43000030517578,101.27999877929688,3.447000026702881,16.719999313354492,101.4000015258789,3.4489998817443848,18.43000030517578,0,0,0
2023-04-28,101.66999816894531,3.4519999027252197,15.779999732971191,102.16999816894531,3.49399995803833,17.649999618530273,101.41999816894531,3.434999942779541,15.720000267028809,101.47000122070312,3.4790000915527344,17.209999084472656,0,0,0
2023-05-01,102.1500015258789,3.5739998817443848,16.079999923706055,102.19000244140625,3.5759999752044678,16.6200008392334,101.62000274658203,3.4619998931884766,15.529999732971191,101.66999816894531,3.500999927520752,16.40999984741211,0,0,0
2023-05-02,101.95999908447266,3.438999891281128,17.780000686645508,102.4000015258789,3.559000015258789,19.809999465942383,101.87999725341797,3.4240000247955322,16.260000228881836,102.1500015258789,3.5320000648498535,16.270000457763672,0,0,0
2023-05-03,101.33999633789062,3.4030001163482666,18.34000015258789,101.91999816894531,3.4240000247955322,18.829999923706055,101.06999969482422,3.367000102996826,17.190000534057617,101.86000061035156,3.4179999828338623,17.81999969482422,0,0,0
2023-05-04,101.4000015258789,3.3510000705718994,20.09000015258789,101.63999938964844,3.4110000133514404,21.329999923706055,101.02999877929688,3.2960000038146973,18.670000076293945,101.19999694824219,3.3450000286102295,19.170000076293945,0,0,0
2023-05-05,101.20999908447266,3.446000099182129,17.190000534057617,101.77999877929688,3.4649999141693115,19.6299991607666,101.12000274658203,3.3970000743865967,16.690000534057617,101.33999633789062,3.3970000743865967,19.5,0,0,0
2023-05-08,101.37000274658203,3.5209999084472656,16.979999542236328,101.41999816894531,3.5209999084472656,17.8799991607666,101.04000091552734,3.48799991607666,16.829999923706055,101.27999877929688,3.490000009536743,17.729999542236328,0,0,0
2023-05-09,101.63999938964844,3.5209999084472656,17.709999084472656,101.83999633789062,3.5320000648498535,17.860000610351562,101.36000061035156,3.48799991607666,17.219999313354492,101.4000015258789,3.492000102996826,17.290000915527344,0,0,0
2023-05-10,101.4800033569336,3.438999891281128,16.940000534057617,101.80999755859375,3.5209999084472656,18.309999465942383,101.22000122070312,3.430999994277954,16.360000610351562,101.62000274658203,3.506999969482422,17.579999923706055,0,0,0
2023-05-11,102.05999755859375,3.3970000743865967,16.93000030517578,102.1500015258789,3.4049999713897705,18.190000534057617,101.30000305175781,3.3450000286102295,16.6299991607666,101.41000366210938,3.4049999713897705,16.799999237060547,0,0,0
2023-05-12,102.68000030517578,3.4630000591278076,17.030000686645508,102.70999908447266,3.4630000591278076,17.920000076293945,101.94000244140625,3.384000062942505,16.3799991607666,102.0999984741211,3.4119999408721924,16.829999923706055,0,0,0
2023-05-15,102.43000030517578,3.507999897003174,17.1200008392334,102.75,3.510999917984009,18.15999984741211,102.37999725341797,3.4660000801086426,17.079999923706055,102.70999908447266,3.502000093460083,17.440000534057617,0,0,0
2023-05-16,102.55999755859375,3.5490000247955322,17.989999771118164,102.69000244140625,3.5739998817443848,18.299999237060547,102.19999694824219,3.486999988555908,17.260000228881836,102.43000030517578,3.486999988555908,17.540000915527344,0,0,0
2023-05-17,102.87999725341797,3.5810000896453857,16.8700008392334,103.11000061035156,3.5889999866485596,18.260000228881836,102.54000091552734,3.515000104904175,16.68000030517578,102.61000061035156,3.515000104904175,17.959999084472656,0,0,0
2023-05-18,103.58000183105469,3.6480000019073486,16.049999237060547,103.62000274658203,3.6510000228881836,17.149999618530273,102.80000305175781,3.5980000495910645,16.049999237060547,102.91000366210938,3.5980000495910645,16.920000076293945,0,0,0
2023-05-19,103.19999694824219,3.691999912261963,16.809999465942383,103.62000274658203,3.7209999561309814,17.360000610351562,103.0,3.640000104904175,15.850000381469727,103.51000213623047,3.6710000038146973,16.1299991607666,0,0,0
2023-05-22,103.19999694824219,3.7190001010894775,17.209999084472656,103.37000274658203,3.7279999256134033,18.1299991607666,102.95999908447266,3.6649999618530273,16.81999969482422,103.19000244140625,3.690000057220459,17.450000762939453,0,0,0
2023-05-23,103.48999786376953,3.697999954223633,18.530000686645508,103.6500015258789,3.760999917984009,19.309999465942383,103.16000366210938,3.687999963760376,17.299999237060547,103.2699966430664,3.74399995803833,17.350000381469727,0,0,0
2023-05-24,103.88999938964844,3.7190001010894775,20.030000686645508,103.91000366210938,3.742000102996826,20.809999465942383,103.3499984741211,3.6730000972747803,18.799999237060547,103.54000091552734,3.6730000972747803,18.799999237060547,0,0,0
2023-05-25,104.20999908447266,3.813999891281128,19.139999389648438,104.30999755859375,3.813999891281128,19.950000762939453,103.83999633789062,3.7300000190734863,18.700000762939453,103.86000061035156,3.752000093460083,19.540000915527344,0,0,0
2023-05-26,104.20999908447266,3.809999942779541,17.950000762939453,104.41999816894531,3.8589999675750732,19.559999465942383,103.8499984741211,3.7769999504089355,17.270000457763672,104.2300033569336,3.7890000343322754,19.06999969482422,0,0,0
2023-05-30,104.16999816894531,3.700000047683716,17.459999084472656,104.52999877929688,3.753999948501587,18.34000015258789,103.87999725341797,3.684999942779541,16.979999542236328,104.30000305175781,3.7119998931884766,17.559999465942383,0,0,0
2023-05-31,104.31999969482422,3.63700008392334,17.940000534057617,104.69999694824219,3.690999984741211,18.399999618530273,104.01000213623047,3.63100004196167,17.1200008392334,104.05000305175781,3.6459999084472656,18.040000915527344,0,0,0
2023-06-01,103.55999755859375,3.6080000400543213,15.649999618530273,104.5,3.6579999923706055,17.59000015258789,103.5,3.569999933242798,15.579999923706055,104.1500015258789,3.6500000953674316,17.239999771118164,0,0,0
2023-06-02,104.0199966430664,3.690999984741211,14.600000381469727,104.08999633789062,3.700000047683716,15.649999618530273,103.37999725341797,3.611999988555908,14.420000076293945,103.55999755859375,3.619999885559082,15.649999618530273,0,0,0
2023-06-05,104.0,3.693000078201294,14.729999542236328,104.4000015258789,3.757999897003174,15.289999961853027,103.93000030517578,3.6579999923706055,14.65999984741211,104.04000091552734,3.753000020980835,15.279999732971191,0,0,0
2023-06-06,104.12999725341797,3.6989998817443848,13.960000038146973,104.37000274658203,3.7330000400543213,14.970000267028809,103.81999969482422,3.680999994277954,13.949999809265137,104.01000213623047,3.680999994277954,14.90999984741211,0,0,0
2023-06-07,104.0999984741211,3.7839999198913574,13.9399995803833,104.30000305175781,3.8010001182556152,14.289999961853027,103.66000366210938,3.694999933242798,13.770000457763672,104.12000274658203,3.6989998817443848,14.140000343322754,0,0,0
2023-06-08,103.33999633789062,3.7139999866485596,13.649999618530273,104.06999969482422,3.821000099182129,14.210000038146973,103.30000305175781,3.7139999866485596,13.529999732971191,104.06999969482422,3.816999912261963,14.140000343322754,0,0,0
2023-06-09,103.55999755859375,3.744999885559082,13.829999923706055,103.61000061035156,3.7780001163482666,14.140000343322754,103.30000305175781,3.7160000801086426,13.5,103.30000305175781,3.7669999599456787,13.779999732971191,0,0,0
2023-06-12,103.62999725341797,3.765000104904175,15.010000228881836,103.76000213623047,3.7939999103546143,15.020000457763672,103.23999786376953,3.7109999656677246,14.319999694824219,103.55000305175781,3.7339999675750732,14.4399995803833,0,0,0
2023-06-13,103.33999633789062,3.8389999866485596,14.609999656677246,103.62000274658203,3.8410000801086426,15.0600004196167,103.05000305175781,3.681999921798706,14.470000267028809,103.58000183105469,3.7239999771118164,14.989999771118164,0,0,0
2023-06-14,103.01000213623047,3.7960000038146973,13.880000114440918,103.4000015258789,3.8510000705718994,14.729999542236328,102.66000366210938,3.7709999084472656,13.829999923706055,103.31999969482422,3.811000108718872,14.479999542236328,0,0,0
2023-06-15,102.12000274658203,3.7279999256134033,14.5,103.37999725341797,3.8410000801086426,14.520000457763672,102.08999633789062,3.7070000171661377,13.789999961853027,102.95999908447266,3.819000005722046,14.09000015258789,0,0,0
2023-06-16,102.30000305175781,3.7690000534057617,13.539999961853027,102.43000030517578,3.805999994277954,14.539999961853027,102.01000213623047,3.7249999046325684,13.479999542236328,102.12000274658203,3.746000051498413,14.489999771118164,0,0,0
2023-06-20,102.54000091552734,3.7290000915527344,13.880000114440918,102.79000091552734,3.7769999504089355,14.670000076293945,102.31999969482422,3.7009999752044678,13.859999656677246,102.4800033569336,3.73799991607666,14.359999656677246,0,0,0
2023-06-21,102.06999969482422,3.7230000495910645,13.199999809265137,102.70999908447266,3.7890000343322754,13.890000343322754,102.0199966430664,3.7109999656677246,13.100000381469727,102.5,3.76200008392334,13.880000114440918,0,0,0
2023-06-22,102.38999938964844,3.7990000247955322,12.90999984741211,102.47000122070312,3.809999942779541,13.979999542236328,101.91999816894531,3.7109999656677246,12.729999542236328,102.02999877929688,3.740000009536743,13.880000114440918,0,0,0
2023-06-23,102.9000015258789,3.739000082015991,13.4399995803833,103.16999816894531,3.759999990463257,13.800000190734863,102.37999725341797,3.691999912261963,12.880000114440918,102.37999725341797,3.7269999980926514,13.239999771118164,0,0,0
2023-06-26,102.69000244140625,3.7190001010894775,14.25,102.83000183105469,3.736999988555908,14.710000038146973,102.61000061035156,3.678999900817871,13.779999732971191,102.83000183105469,3.7019999027252197,14.430000305175781,0,0,0
2023-06-27,102.48999786376953,3.7679998874664307,13.739999771118164,102.80000305175781,3.7760000228881836,14.34000015258789,102.31999969482422,3.691999912261963,13.59000015258789,102.73999786376953,3.7139999866485596,14.109999656677246,0,0,0
2023-06-28,102.91000366210938,3.7100000381469727,13.430000305175781,103.1500015258789,3.7660000324249268,13.960000038146973,102.47000122070312,3.7039999961853027,13.359999656677246,102.51000213623047,3.734999895095825,13.899999618530273,0,0,0
2023-06-29,103.33999633789062,3.8540000915527344,13.539999961853027,103.44000244140625,3.868000030517578,13.850000381469727,102.77999877929688,3.746999979019165,13.40999984741211,102.95999908447266,3.746999979019165,13.640000343322754,0,0,0
2023-06-30,102.91000366210938,3.819000005722046,13.59000015258789,103.54000091552734,3.871999979019165,13.59000015258789,102.75,3.806999921798706,12.960000038146973,103.3499984741211,3.859999895095825,13.510000228881836,0,0,0
2023-07-03,102.98999786376953,3.8580000400543213,13.569999694824219,103.2699966430664,3.865999937057495,13.850000381469727,102.75,3.7780001163482666,13.470000267028809,102.91999816894531,3.864000082015991,13.850000381469727,0,0,0
2023-07-05,103.37000274658203,3.944999933242798,14.180000305175781,103.38999938964844,3.947000026702881,14.739999771118164,102.95999908447266,3.86299991607666,14.050000190734863,103.08000183105469,3.868000030517578,14.1899995803833,0,0,0
2023-07-06,103.16999816894531,4.040999889373779,15.4399995803833,103.56999969482422,4.083000183105469,17.079999923706055,102.91999816894531,3.993000030517578,14.789999961853027,103.3499984741211,3.993000030517578,14.850000381469727,0,0,0
2023-07-07,102.2699966430664,4.050000190734863,14.829999923706055,103.19000244140625,4.093999862670898,16.059999465942383,102.2300033569336,4.00600004196167,14.329999923706055,103.08000183105469,4.078000068664551,15.970000267028809,0,0,0
2023-07-10,101.97000122070312,4.00600004196167,15.069999694824219,102.55999755859375,4.0920000076293945,16.209999084472656,101.94999694824219,3.9860000610351562,15.039999961853027,102.29000091552734,4.052000045776367,16.079999923706055,0,0,0
2023-07-11,101.7300033569336,3.9800000190734863,14.84000015258789,101.97000122070312,4.001999855041504,15.25,101.6500015258789,3.9619998931884766,14.630000114440918,101.94000244140625,3.9800000190734863,15.020000457763672,0,0,0
2023-07-12,100.5199966430664,3.8610000610351562,13.539999961853027,101.61000061035156,3.947999954223633,14.819999694824219,100.51000213623047,3.8440001010894775,13.510000228881836,101.58999633789062,3.946000099182129,14.819999694824219,0,0,0
2023-07-13,99.7699966430664,3.760999917984009,13.609999656677246,100.61000061035156,3.8459999561309814,13.609999656677246,99.73999786376953,3.760999917984009,13.119999885559082,100.5199966430664,3.8259999752044678,13.4399995803833,0,0,0
2023-07-14,99.91000366210938,3.819000005722046,13.34000015258789,100.0199966430664,3.819999933242798,13.760000228881836,99.58000183105469,3.76200008392334,13.220000267028809,99.75,3.7790000438690186,13.720000267028809,0,0,0
2023-07-17,99.83999633789062,3.796999931335449,13.479999542236328,100.18000030517578,3.8359999656677246,14.0,99.75,3.7790000438690186,13.430000305175781,99.95999908447266,3.7790000438690186,13.779999732971191,0,0,0
2023-07-18,99.94000244140625,3.7890000343322754,13.300000190734863,100.11000061035156,3.7929999828338623,13.670000076293945,99.58999633789062,3.73799991607666,13.289999961853027,99.88999938964844,3.757999897003174,13.609999656677246,0,0,0
2023-07-19,100.27999877929688,3.742000102996826,13.760000228881836,100.54000091552734,3.7950000762939453,13.84000015258789,99.93000030517578,3.734999895095825,13.119999885559082,99.9800033569336,3.74399995803833,13.319999694824219,0,0,0
2023-07-20,100.87999725341797,3.8540000915527344,13.989999771118164,100.97000122070312,3.874000072479248,14.229999542236328,100.0199966430664,3.7909998893737793,13.579999923706055,100.27999877929688,3.7909998893737793,13.960000038146973,0,0,0
2023-07-21,101.06999969482422,3.8369998931884766,13.600000381469727,101.19000244140625,3.8369998931884766,13.890000343322754,100.72000122070312,3.809000015258789,13.369999885559082,100.77999877929688,3.8329999446868896,13.869999885559082,0,0,0
2023-07-24,101.3499984741211,3.8570001125335693,13.90999984741211,101.43000030517578,3.865000009536743,14.300000190734863,100.88999938964844,3.7980000972747803,13.729999542236328,101.08999633789062,3.805999994277954,14.289999961853027,0,0,0
2023-07-25,101.3499984741211,3.9119999408721924,13.859999656677246,101.6500015258789,3.921999931335449,14.09000015258789,101.19000244140625,3.884999990463257,13.819999694824219,101.41999816894531,3.8919999599456787,14.020000457763672,0,0,0
2023-07-26,100.88999938964844,3.8510000705718994,13.1899995803833,101.44000244140625,3.9040000438690186,14.15999984741211,100.86000061035156,3.8489999771118164,13.149999618530273,101.31999969482422,3.884999990463257,13.859999656677246,0,0,0
2023-07-27,101.7699966430664,4.01200008392334,14.40999984741211,101.83999633789062,4.021999835968018,15.020000457763672,100.55000305175781,3.8529999256134033,12.739999771118164,101.11000061035156,3.86299991607666,13.140000343322754,0,0,0
2023-07-28,101.62000274658203,3.9690001010894775,13.329999923706055,102.04000091552734,3.994999885559082,14.180000305175781,101.36000061035156,3.940999984741211,13.270000457763672,101.69000244140625,3.9609999656677246,14.029999732971191,0,0,0
2023-07-31,101.86000061035156,3.9590001106262207,13.630000114440918,101.91000366210938,3.9809999465942383,14.09000015258789,101.52999877929688,3.927000045776367,13.569999694824219,101.69999694824219,3.9670000076293945,13.979999542236328,0,0,0
2023-08-01,102.30000305175781,4.051000118255615,13.930000305175781,102.43000030517578,4.057000160217285,14.300000190734863,101.8499984741211,4.000999927520752,13.75,101.87000274658203,4.000999927520752,13.75,0,0,0
2023-08-02,102.58999633789062,4.078000068664551,16.09000015258789,102.77999877929688,4.125999927520752,16.479999542236328,101.95999908447266,4.034999847412109,14.949999809265137,101.95999908447266,4.039000034332275,15.699999809265137,0,0,0
2023-08-03,102.54000091552734,4.189000129699707,15.920000076293945,102.83999633789062,4.197999954223633,17.420000076293945,102.37000274658203,4.127999782562256,15.720000267028809,102.58999633789062,4.144999980926514,16.770000457763672,0,0,0
2023-08-04,102.0199966430664,4.059999942779541,17.100000381469727,102.62000274658203,4.205999851226807,17.389999389648438,101.73999786376953,4.058000087738037,14.569999694824219,102.44999694824219,4.191999912261963,16.010000228881836,0,0,0
2023-08-07,102.05000305175781,4.078000068664551,15.770000457763672,102.37999725341797,4.11299991607666,17.360000610351562,101.97000122070312,4.064000129699707,15.770000457763672,102.01000213623047,4.11299991607666,16.899999618530273,0,0,0
2023-08-08,102.52999877929688,4.026000022888184,15.989999771118164,102.80000305175781,4.033999919891357,18.139999389648438,102.06999969482422,3.9839999675750732,15.960000038146973,102.06999969482422,4.007999897003174,16.280000686645508,0,0,0
2023-08-09,102.48999786376953,4.01200008392334,15.960000038146973,102.58000183105469,4.035999774932861,16.8700008392334,102.29000091552734,3.98799991607666,15.380000114440918,102.55000305175781,4.035999774932861,15.8100004196167,0,0,0
2023-08-10,102.5199966430664,4.079999923706055,15.850000381469727,102.6500015258789,4.093999862670898,16.860000610351562,101.77999877929688,3.9570000171661377,14.600000381469727,102.4800033569336,3.9820001125335693,15.579999923706055,0,0,0
2023-08-11,102.83999633789062,4.168000221252441,14.84000015258789,102.91000366210938,4.168000221252441,16.510000228881836,102.41999816894531,4.090000152587891,14.84000015258789,102.62000274658203,4.10699987411499,15.529999732971191,0,0,0
2023-08-14,103.19000244140625,4.184000015258789,14.819999694824219,103.45999908447266,4.215000152587891,16.059999465942383,102.7699966430664,4.145999908447266,14.770000457763672,102.8499984741211,4.176000118255615,15.880000114440918,0,0,0
2023-08-15,103.20999908447266,4.2210001945495605,16.459999084472656,103.2699966430664,4.27400016784668,16.56999969482422,102.81999969482422,4.165999889373779,14.90999984741211,103.1500015258789,4.235000133514404,14.949999809265137,0,0,0
2023-08-16,103.41999816894531,4.257999897003174,16.780000686645508,103.52999877929688,4.26200008392334,16.93000030517578,102.94000244140625,4.190999984741211,15.800000190734863,103.20999908447266,4.204999923706055,16.540000915527344,0,0,0
2023-08-17,103.44000244140625,4.308000087738037,17.889999389648438,103.5999984741211,4.328000068664551,18.1299991607666,103.05999755859375,4.271999835968018,16.399999618530273,103.4800033569336,4.2779998779296875,16.959999084472656,0,0,0
2023-08-18,103.37999725341797,4.250999927520752,17.299999237060547,103.68000030517578,4.28000020980835,18.8799991607666,103.2300033569336,4.2230000495910645,17.139999389648438,103.4000015258789,4.243000030517578,17.799999237060547,0,0,0
2023-08-21,103.33000183105469,4.3420000076293945,17.1299991607666,103.5,4.354000091552734,18.110000610351562,103.13999938964844,4.288000106811523,16.8799991607666,103.43000030517578,4.294000148773193,18.030000686645508,0,0,0
2023-08-22,103.55999755859375,4.328000068664551,16.969999313354492,103.72000122070312,4.361999988555908,17.579999923706055,103.01000213623047,4.309999942779541,16.610000610351562,103.33000183105469,4.309999942779541,16.959999084472656,0,0,0
2023-08-23,103.36000061035156,4.197999954223633,15.979999542236328,103.9800033569336,4.291999816894531,17.100000381469727,103.30000305175781,4.190000057220459,15.90999984741211,103.58000183105469,4.2829999923706055,16.639999389648438,0,0,0
2023-08-24,103.9800033569336,4.235000133514404,17.200000762939453,104.02999877929688,4.238999843597412,17.31999969482422,103.2699966430664,4.190000057220459,15.479999542236328,103.36000061035156,4.2230000495910645,15.569999694824219,0,0,0
2023-08-25,104.08000183105469,4.238999843597412,15.680000305175781,104.44999694824219,4.284999847412109,17.360000610351562,103.73999786376953,4.203999996185303,15.449999809265137,104.0999984741211,4.235000133514404,17.209999084472656,0,0,0
2023-08-28,104.05999755859375,4.211999893188477,15.079999923706055,104.20999908447266,4.234000205993652,16.280000686645508,103.9800033569336,4.193999767303467,15.0,104.19000244140625,4.23199987411499,16.239999771118164,0,0,0
2023-08-29,103.55000305175781,4.122000217437744,14.449999809265137,104.36000061035156,4.243000030517578,15.300000190734863,103.37000274658203,4.105999946594238,14.34000015258789,103.91999816894531,4.21999979019165,15.079999923706055,0,0,0
2023-08-30,103.16000366210938,4.118000030517578,13.880000114440918,103.69999694824219,4.15500020980835,14.699999809265137,102.94000244140625,4.086999893188477,13.829999923706055,103.44000244140625,4.13700008392334,14.529999732971191,0,0,0
2023-08-31,103.62000274658203,4.0929999351501465,13.569999694824219,103.73999786376953,4.118000030517578,14.0,103.01000213623047,4.077000141143799,13.4399995803833,103.0999984741211,4.09499979019165,13.979999542236328,0,0,0
2023-09-01,104.23999786376953,4.172999858856201,13.09000015258789,104.29000091552734,4.199999809265137,13.5600004196167,103.2699966430664,4.059999942779541,13.020000457763672,103.62000274658203,4.0970001220703125,13.5600004196167,0,0,0
2023-09-05,104.80999755859375,4.26800012588501,14.010000228881836,104.91000366210938,4.269999980926514,14.470000267028809,104.11000061035156,4.211999893188477,13.699999809265137,104.12999725341797,4.228000164031982,14.149999618530273,0,0,0
2023-09-06,104.86000061035156,4.289999961853027,14.449999809265137,105.0199966430664,4.306000232696533,15.300000190734863,104.58999633789062,4.239999771118164,14.130000114440918,104.75,4.242000102996826,14.270000457763672,0,0,0
2023-09-07,105.05999755859375,4.260000228881836,14.399999618530273,105.16000366210938,4.308000087738037,15.6899995803833,104.80000305175781,4.257999897003174,14.399999618530273,104.86000061035156,4.283999919891357,14.8100004196167,0,0,0
2023-09-08,105.08999633789062,4.257999897003174,13.84000015258789,105.0999984741211,4.263999938964844,14.869999885559082,104.66000366210938,4.2129998207092285,13.579999923706055,105.05999755859375,4.257999897003174,14.220000267028809,0,0,0
2023-09-11,104.56999969482422,4.288000106811523,13.800000190734863,104.94000244140625,4.300000190734863,14.329999923706055,104.41999816894531,4.271999835968018,13.739999771118164,104.94000244140625,4.283999919891357,14.170000076293945,0,0,0
2023-09-12,104.70999908447266,4.263999938964844,14.229999542236328,104.91999816894531,4.297999858856201,14.420000076293945,104.45999908447266,4.263999938964844,13.710000038146973,104.55999755859375,4.285999774932861,14.020000457763672,0,0,0
2023-09-13,104.7699966430664,4.249000072479248,13.479999542236328,104.97000122070312,4.343999862670898,14.680000305175781,104.51000213623047,4.235000133514404,13.40999984741211,104.58000183105469,4.311999797821045,14.420000076293945,0,0,0
2023-09-14,105.41000366210938,4.288000106811523,12.819999694824219,105.44000244140625,4.297999858856201,13.460000038146973,104.55999755859375,4.2230000495910645,12.789999961853027,104.73999786376953,4.229000091552734,13.390000343322754,0,0,0
2023-09-15,105.31999969482422,4.322000026702881,13.789999961853027,105.41000366210938,4.3379998207092285,14.170000076293945,105.08000183105469,4.302999973297119,12.680000305175781,105.37999725341797,4.320000171661377,12.699999809265137,0,0,0
2023-09-18,105.19999694824219,4.318999767303467,14.0,105.36000061035156,4.359000205993652,14.75,105.0199966430664,4.310999870300293,13.859999656677246,105.30000305175781,4.336999893188477,14.399999618530273,0,0,0
2023-09-19,105.19999694824219,4.364999771118164,14.109999656677246,105.20999908447266,4.364999771118164,14.880000114440918,104.81999969482422,4.324999809265137,13.859999656677246,105.08000183105469,4.333000183105469,14.109999656677246,0,0,0
2023-09-20,105.16000366210938,4.348999977111816,15.140000343322754,105.44000244140625,4.361000061035156,15.149999618530273,104.66999816894531,4.313000202178955,13.569999694824219,105.11000061035156,4.339000225067139,14.180000305175781,0,0,0
2023-09-21,105.36000061035156,4.480000019073486,17.540000915527344,105.73999786376953,4.489999771118164,17.540000915527344,105.27999877929688,4.461999893188477,15.100000381469727,105.44000244140625,4.466000080108643,15.489999771118164,0,0,0
2023-09-22,105.58000183105469,4.438000202178955,17.200000762939453,105.77999877929688,4.486000061035156,17.40999984741211,105.31999969482422,4.423999786376953,15.930000305175781,105.37999725341797,4.473999977111816,17.309999465942383,0,0,0
2023-09-25,106.0,4.541999816894531,16.899999618530273,106.0999984741211,4.546000003814697,18.40999984741211,105.5199966430664,4.499000072479248,16.790000915527344,105.56999969482422,4.505000114440918,17.25,0,0,0
2023-09-26,106.2300033569336,4.558000087738037,18.940000534057617,106.26000213623047,4.564000129699707,19.5,105.86000061035156,4.482999801635742,17.170000076293945,105.94000244140625,4.485000133514404,18.030000686645508,0,0,0
2023-09-27,106.66999816894531,4.625999927520752,18.219999313354492,106.83999633789062,4.64300012588501,19.709999084472656,106.16999816894531,4.491000175476074,18.030000686645508,106.22000122070312,4.506999969482422,18.290000915527344,0,0,0
2023-09-28,106.22000122070312,4.5970001220703125,17.34000015258789,106.76000213623047,4.688000202178955,18.770000457763672,106.0199966430664,4.5970001220703125,17.059999465942383,106.68000030517578,4.624000072479248,18.219999313354492,0,0,0
2023-09-29,106.16999816894531,4.572999954223633,17.520000457763672,106.23999786376953,4.574999809265137,17.739999771118164,105.66000366210938,4.507999897003174,15.829999923706055,106.1500015258789,4.548999786376953,16.8700008392334,0,0,0
2023-10-02,106.9000015258789,4.683000087738037,17.610000610351562,107.02999877929688,4.703000068664551,18.549999237060547,106.04000091552734,4.626999855041504,16.93000030517578,106.16999816894531,4.63100004196167,17.309999465942383,0,0,0
2023-10-03,107.0,4.802000045776367,19.780000686645508,107.3499984741211,4.806000232696533,20.479999542236328,106.91000366210938,4.695000171661377,17.520000457763672,107.02999877929688,4.736999988555908,17.809999465942383,0,0,0
2023-10-04,106.80000305175781,4.735000133514404,18.579999923706055,107.23999786376953,4.794000148773193,20.8799991607666,106.51000213623047,4.7270002365112305,18.299999237060547,107.05999755859375,4.75600004196167,20.719999313354492,0,0,0
2023-10-05,106.33000183105469,4.7170000076293945,18.489999771118164,106.86000061035156,4.7769999504089355,19.579999923706055,106.31999969482422,4.703999996185303,18.260000228881836,106.7699966430664,4.730999946594238,18.670000076293945,0,0,0
2023-10-06,106.04000091552734,4.783999919891357,17.450000762939453,106.97000122070312,4.88700008392334,19.93000030517578,105.94999694824219,4.739999771118164,17.190000534057617,106.36000061035156,4.739999771118164,18.729999542236328,0,0,0
2023-10-09,106.08000183105469,4.796999931335449,17.700000762939453,106.5999984741211,4.796999931335449,19.600000381469727,106.0199966430664,4.796999931335449,17.559999465942383,106.0999984741211,4.796999931335449,19.540000915527344,0,0,0
2023-10-10,105.83000183105469,4.65500020980835,17.030000686645508,106.25,4.7129998207092285,17.860000610351562,105.66000366210938,4.618000030517578,16.510000228881836,106.02999877929688,4.703000068664551,17.700000762939453,0,0,0
2023-10-11,105.81999969482422,4.59499979019165,16.09000015258789,106.01000213623047,4.624000072479248,17.780000686645508,105.55999755859375,4.564000129699707,16.09000015258789,105.7300033569336,4.580999851226807,16.950000762939453,0,0,0
2023-10-12,106.56999969482422,4.711999893188477,16.690000534057617,106.5999984741211,4.728000164031982,18.079999923706055,105.54000091552734,4.5320000648498535,15.4399995803833,105.66999816894531,4.544000148773193,16.079999923706055,0,0,0
2023-10-13,106.6500015258789,4.629000186920166,19.31999969482422,106.79000091552734,4.650000095367432,20.780000686645508,106.29000091552734,4.585999965667725,16.5,106.5199966430664,4.61899995803833,16.530000686645508,0,0,0
2023-10-16,106.23999786376953,4.711999893188477,17.209999084472656,106.62999725341797,4.724999904632568,19.56999969482422,106.18000030517578,4.665999889373779,17.139999389648438,106.58000183105469,4.690999984741211,19.100000381469727,0,0,0
2023-10-17,106.25,4.8470001220703125,17.8799991607666,106.52999877929688,4.860000133514404,18.540000915527344,106.0199966430664,4.761000156402588,16.969999313354492,106.26000213623047,4.764999866485596,17.40999984741211,0,0,0
2023-10-18,106.56999969482422,4.9039998054504395,19.219999313354492,106.63999938964844,4.927999973297119,20.149999618530273,106.01000213623047,4.834000110626221,17.8799991607666,106.22000122070312,4.839000225067139,18.360000610351562,0,0,0
2023-10-19,106.25,4.98799991607666,21.399999618530273,106.66999816894531,4.995999813079834,21.399999618530273,105.9800033569336,4.894000053405762,18.549999237060547,106.54000091552734,4.964000225067139,19.729999542236328,0,0,0
2023-10-20,106.16000366210938,4.923999786376953,21.709999084472656,106.41999816894531,4.993000030517578,21.829999923706055,106.06999969482422,4.892000198364258,20.420000076293945,106.26000213623047,4.978000164031982,21.59000015258789,0,0,0
2023-10-23,105.54000091552734,4.8379998207092285,20.3700008392334,106.33000183105469,4.997000217437744,23.079999923706055,105.5199966430664,4.830999851226807,19.479999542236328,106.16000366210938,4.997000217437744,21.829999923706055,0,0,0
2023-10-24,106.2699966430664,4.840000152587891,18.969999313354492,106.31999969482422,4.888999938964844,20.239999771118164,105.36000061035156,4.827000141143799,18.649999618530273,105.61000061035156,4.869999885559082,20.030000686645508,0,0,0
2023-10-25,106.52999877929688,4.953000068664551,20.190000534057617,106.56999969482422,4.959000110626221,21.239999771118164,106.13999938964844,4.85099983215332,18.860000610351562,106.25,4.85099983215332,19.389999389648438,0,0,0
2023-10-26,106.5999984741211,4.84499979019165,20.68000030517578,106.88999938964844,4.982999801635742,21.959999084472656,106.52999877929688,4.8420000076293945,20.219999313354492,106.58000183105469,4.964000225067139,21.780000686645508,0,0,0
2023-10-27,106.55999755859375,4.84499979019165,21.270000457763672,106.80000305175781,4.892000198364258,22.06999969482422,106.31999969482422,4.8429999351501465,19.719999313354492,106.58999633789062,4.866000175476074,20.389999389648438,0,0,0
2023-10-30,106.12000274658203,4.875,19.75,106.69999694824219,4.921999931335449,21.15999984741211,106.05999755859375,4.867000102996826,19.549999237060547,106.58000183105469,4.895999908447266,21.1299991607666,0,0,0
2023-10-31,106.66000366210938,4.875,18.139999389648438,106.86000061035156,4.880000114440918,19.860000610351562,105.91000366210938,4.802999973297119,17.969999313354492,106.16000366210938,4.809999942779541,19.860000610351562,0,0,0
2023-11-01,106.87999725341797,4.789000034332275,16.8700008392334,107.11000061035156,4.9029998779296875,18.420000076293945,106.61000061035156,4.7779998779296875,16.6299991607666,106.66999816894531,4.89300012588501,18.020000457763672,0,0,0
2023-11-02,106.12000274658203,4.669000148773193,15.65999984741211,106.51000213623047,4.703000068664551,16.6200008392334,105.80999755859375,4.625999927520752,15.579999923706055,106.5,4.690000057220459,16.59000015258789,0,0,0
2023-11-03,105.0199966430664,4.558000087738037,14.90999984741211,106.22000122070312,4.64300012588501,15.829999923706055,104.94000244140625,4.484000205993652,14.90999984741211,106.19999694824219,4.63700008392334,15.699999809265137,0,0,0
2023-11-06,105.22000122070312,4.6620001792907715,14.890000343322754,105.29000091552734,4.668000221252441,15.579999923706055,104.8499984741211,4.610000133514404,14.84000015258789,105.06999969482422,4.610000133514404,15.390000343322754,0,0,0
2023-11-07,105.54000091552734,4.571000099182129,14.8100004196167,105.77999877929688,4.626999855041504,15.170000076293945,105.2699966430664,4.544000148773193,14.710000038146973,105.2699966430664,4.619999885559082,15.100000381469727,0,0,0
2023-11-08,105.58999633789062,4.5229997634887695,14.449999809265137,105.87000274658203,4.572999954223633,15.09000015258789,105.44999694824219,4.502999782562256,14.300000190734863,105.54000091552734,4.566999912261963,14.90999984741211,0,0,0
2023-11-09,105.91000366210938,4.630000114440918,15.289999961853027,105.97000122070312,4.6539998054504395,15.569999694824219,105.37999725341797,4.526000022888184,14.130000114440918,105.52999877929688,4.551000118255615,14.609999656677246,0,0,0
2023-11-10,105.86000061035156,4.627999782562256,14.170000076293945,106.01000213623047,4.638000011444092,15.449999809265137,105.73999786376953,4.566999912261963,14.15999984741211,105.93000030517578,4.583000183105469,15.09000015258789,0,0,0
2023-11-13,105.66000366210938,4.631999969482422,14.760000228881836,105.95999908447266,4.696000099182129,15.1899995803833,105.58999633789062,4.624000072479248,14.579999923706055,105.80000305175781,4.642000198364258,15.15999984741211,0,0,0
2023-11-14,104.11000061035156,4.440999984741211,14.15999984741211,105.7300033569336,4.616000175476074,14.859999656677246,103.98999786376953,4.432000160217285,13.90999984741211,105.6500015258789,4.616000175476074,14.829999923706055,0,0,0
2023-11-15,104.38999938964844,4.534999847412109,14.180000305175781,104.51000213623047,4.559000015258789,14.350000381469727,103.9800033569336,4.445000171661377,13.970000267028809,104.37999725341797,4.460999965667725,14.210000038146973,0,0,0
2023-11-16,104.37000274658203,4.445000171661377,14.319999694824219,104.55999755859375,4.48799991607666,14.420000076293945,104.01000213623047,4.432000160217285,13.680000305175781,104.36000061035156,4.48799991607666,14.119999885559082,0,0,0
2023-11-17,103.81999969482422,4.440999984741211,13.800000190734863,104.55000305175781,4.468999862670898,14.1899995803833,103.80999755859375,4.4039998054504395,13.670000076293945,104.4000015258789,4.4120001792907715,14.180000305175781,0,0,0
2023-11-20,103.47000122070312,4.421999931335449,13.40999984741211,103.97000122070312,4.48199987411499,14.3100004196167,103.37999725341797,4.409999847412109,13.390000343322754,103.81999969482422,4.4730000495910645,14.260000228881836,0,0,0
2023-11-21,103.58999633789062,4.418000221252441,13.350000381469727,103.70999908447266,4.442999839782715,14.3100004196167,103.18000030517578,4.390999794006348,13.130000114440918,103.47000122070312,4.409999847412109,13.449999809265137,0,0,0
2023-11-22,103.91999816894531,4.415999889373779,12.850000381469727,104.20999908447266,4.447000026702881,13.25,103.4800033569336,4.364999771118164,12.819999694824219,103.55000305175781,4.364999771118164,13.079999923706055,0,0,0
2023-11-24,103.4000015258789,4.4720001220703125,12.460000038146973,103.83999633789062,4.492000102996826,13.170000076293945,103.36000061035156,4.4629998207092285,12.449999809265137,103.75,4.473999977111816,13.029999732971191,0,0,0
2023-11-27,103.19999694824219,4.388999938964844,12.6899995803833,103.52999877929688,4.460999965667725,13.279999732971191,103.19000244140625,4.388999938964844,12.640000343322754,103.41999816894531,4.456999778747559,13.140000343322754,0,0,0
2023-11-28,102.75,4.335999965667725,12.6899995803833,103.31999969482422,4.421999931335449,14.300000190734863,102.61000061035156,4.331999778747559,12.5600004196167,103.12999725341797,4.395999908447266,12.779999732971191,0,0,0
2023-11-29,102.7699966430664,4.270999908447266,12.979999542236328,103.01000213623047,4.322999954223633,13.100000381469727,102.47000122070312,4.252999782562256,12.479999542236328,102.6500015258789,4.294000148773193,12.710000038146973,0,0,0
2023-11-30,103.5,4.3520002365112305,12.920000076293945,103.58999633789062,4.3520002365112305,13.390000343322754,102.72000122070312,4.271999835968018,12.819999694824219,102.83000183105469,4.28000020980835,13.069999694824219,0,0,0
2023-12-01,103.2699966430664,4.22599983215332,12.630000114440918,103.72000122070312,4.3480000495910645,12.960000038146973,103.12000274658203,4.210999965667725,12.479999542236328,103.36000061035156,4.320000171661377,12.9399995803833,0,0,0
2023-12-04,103.63999938964844,4.288000106811523,13.079999923706055,103.8499984741211,4.298999786376953,13.699999809265137,103.05999755859375,4.239999771118164,12.979999542236328,103.19000244140625,4.243000030517578,13.279999732971191,0,0,0
2023-12-05,104.05000305175781,4.171000003814697,12.850000381469727,104.08999633789062,4.228000164031982,13.760000228881836,103.55000305175781,4.164999961853027,12.8100004196167,103.55999755859375,4.22599983215332,13.260000228881836,0,0,0
2023-12-06,104.1500015258789,4.120999813079834,12.970000267028809,104.2300033569336,4.182000160217285,13.029999732971191,103.87000274658203,4.107999801635742,12.640000343322754,103.98999786376953,4.179999828338623,12.779999732971191,0,0,0
2023-12-07,103.54000091552734,4.129000186920166,13.0600004196167,104.19999694824219,4.179999828338623,13.279999732971191,103.2699966430664,4.105999946594238,12.949999809265137,104.11000061035156,4.169000148773193,13.170000076293945,0,0,0
2023-12-08,104.01000213623047,4.244999885559082,12.350000381469727,104.26000213623047,4.2779998779296875,13.239999771118164,103.44000244140625,4.182000160217285,12.350000381469727,103.63999938964844,4.184999942779541,13.140000343322754,0,0,0
2023-12-11,104.0999984741211,4.238999843597412,12.630000114440918,104.26000213623047,4.293000221252441,13.140000343322754,103.93000030517578,4.229000091552734,12.609999656677246,103.9800033569336,4.27400016784668,13.050000190734863,0,0,0
2023-12-12,103.87000274658203,4.205999851226807,12.069999694824219,104.0999984741211,4.250999927520752,12.739999771118164,103.48999786376953,4.1529998779296875,11.8100004196167,104.02999877929688,4.179999828338623,12.6899995803833,0,0,0
2023-12-13,102.87000274658203,4.0329999923706055,12.1899995803833,104.02999877929688,4.190999984741211,12.460000038146973,102.77999877929688,4.008999824523926,11.819999694824219,103.81999969482422,4.186999797821045,12.199999809265137,0,0,0
2023-12-14,101.95999908447266,3.930000066757202,12.479999542236328,102.80000305175781,3.98799991607666,12.739999771118164,101.7699966430664,3.884999990463257,11.84000015258789,102.77999877929688,3.9660000801086426,11.960000038146973,0,0,0
2023-12-15,102.55000305175781,3.927999973297119,12.279999732971191,102.63999938964844,3.9709999561309814,12.539999961853027,101.83999633789062,3.8940000534057617,12.010000228881836,102.0999984741211,3.921999931335449,12.119999885559082,0,0,0
2023-12-18,102.51000213623047,3.9539999961853027,12.5600004196167,102.62999725341797,3.9709999561309814,12.640000343322754,102.37999725341797,3.9070000648498535,12.399999618530273,102.58999633789062,3.9170000553131104,12.619999885559082,0,0,0
2023-12-19,102.16999816894531,3.921999931335449,12.529999732971191,102.62999725341797,3.927999973297119,12.600000381469727,102.06999969482422,3.8959999084472656,12.329999923706055,102.47000122070312,3.8980000019073486,12.600000381469727,0,0,0
2023-12-20,102.41000366210938,3.877000093460083,13.670000076293945,102.54000091552734,3.921999931335449,13.930000305175781,102.16000366210938,3.872999906539917,12.289999961853027,102.19000244140625,3.88100004196167,12.630000114440918,0,0,0
2023-12-21,101.83999633789062,3.8940000534057617,13.649999618530273,102.44999694824219,3.9049999713897705,14.489999771118164,101.73999786376953,3.8289999961853027,13.34000015258789,102.38999938964844,3.859999895095825,13.399999618530273,0,0,0
2023-12-22,101.69999694824219,3.9010000228881836,13.029999732971191,101.9000015258789,3.9189999103546143,13.960000038146973,101.43000030517578,3.8489999771118164,13.0,101.76000213623047,3.8519999980926514,13.720000267028809,0,0,0
2023-12-26,101.47000122070312,3.885999917984009,12.989999771118164,101.7699966430664,3.9079999923706055,13.800000190734863,101.44999694824219,3.881999969482422,12.960000038146973,101.6500015258789,3.9079999923706055,13.770000457763672,0,0,0
2023-12-27,100.98999786376953,3.7890000343322754,12.430000305175781,101.56999969482422,3.8519999980926514,13.039999961853027,100.83000183105469,3.7850000858306885,12.369999885559082,101.55000305175781,3.8519999980926514,13.020000457763672,0,0,0
2023-12-28,101.2300033569336,3.8499999046325684,12.470000267028809,101.30000305175781,3.8610000610351562,12.649999618530273,100.62000274658203,3.799999952316284,12.380000114440918,100.87000274658203,3.818000078201294,12.4399995803833,0,0,0
2023-12-29,101.33000183105469,3.865999937057495,12.449999809265137,101.41999816894531,3.8980000019073486,13.1899995803833,101.06999969482422,3.8469998836517334,12.359999656677246,101.19999694824219,3.878999948501587,12.550000190734863,0,0,0
